"sku","fnsku","asin","product-name","condition","your-price","mfn-listing-exists","mfn-fulfillable-quantity","afn-listing-exists","afn-warehouse-quantity","afn-fulfillable-quantity","afn-unsellable-quantity","afn-reserved-quantity","afn-total-quantity","per-unit-volume","afn-inbound-working-quantity","afn-inbound-shipped-quantity","afn-inbound-receiving-quantity","afn-researching-quantity","afn-reserved-future-supply","afn-future-supply-buyable","afn-fulfillable-quantity-local","afn-fulfillable-quantity-remote","afn-fc-transfer-quantity","afn-onhand-buyable-quantity","store"
"DLH250801-1","X002JBUPG5","B0GSFJFLD7","CVNRCLP Rückenkratzer aus Holz, Manuelles Massagegerät mit Verlängertem Design, Gratfreier Massagestab für Nacken Rücken Schulter, für Zuhause Büro","New","9.79","No",,"Yes","0","0","0","0","0","413.94","0","0","0","0","0","0","0","0","0","0",
"DLH250802","X002DPHA5B","B0FMK6GD9R","60 Geburtstag Schärpe Tiara - Roségold Königin Tiara und für Frauen, Strass Kronen Kit für 60 Geburtstag Geschenke, Kristall Satin Schärpe für 60","New","7.29","No",,"Yes","34","34","0","0","34","1663.61","0","0","0","0","0","0","34","0","0","34",
"DLH250803","X002DQ0X0J","B0FMNS1P7J","CVNRCLP 16 Stück Nasenklammern mit Schaumstoffpolsterung, Blaue Kunststoff Nasenclips, Leichte Tragbare Nasenhalter für Erwachsene, Geeignet für Sport und Alltag","New","7.29","No",,"Yes","7","7","0","0","7","99.96","0","0","0","0","0","0","7","0","0","7",
"DLH250804","X002DQ3DAL","B0FMNTYJZY","3 Stück Servierzange aus Edelstahl, 21,5 cm, Lebensmittelechte Kochzange mit Rutschfestem Griff, Für Kochen, Grillen & Servieren","New","6.59","No",,"Yes","3","0","0","2","3","572.73","0","0","0","1","0","0","0","0","0","0",
"DLH250805","X002DPFZ0X","B0FMK7RGQJ","Zeltheringe aus Kunststoff, robuste Kunststoff-Zeltnägel zur Befestigung von Campingzelt, Regenplanen, Garten, Unkrautmatte, 20 Stück","New","5.99","No",,"Yes","30","30","0","0","70","99.96","0","40","0","0","0","0","30","0","0","30",
"DLH250807","X002DPDO9H","B0FMK1C6GS","4 Stück Finger-Essstäbchen, wiederverwendbare Pinzette, Lebensmittel-Clips, Kunststoff-Finger-Essstäbchen für Gamer, halten Sie sauber, Spielzubehör, Heimgeräte (schwarz)","New","4.99","No",,"Yes","9","9","0","0","89","99.96","40","40","0","0","0","0","9","0","0","9",
"DLH250808","X002DQEX4B","B0FMFBLBLM","Kunststoff-Schwert-Plektren für Lebensmittel, Zahnstocher, Obstgabel, Cocktailspieße, mehrfarbig","New","7.99","No",,"Yes","85","50","0","0","85","99.96","0","0","0","0","0","0","50","0","35","85",
"DLH250809","X002DQ6EQV","B0FMP1DG97","Handflächenbürste mit Bambusborsten für sanfte Fellpflege, für Hund, Katze, Welpe mit kurzem Haar, glattes Fell, handgefertigt aus natürlichem nachhaltigem Bambus, Braun","New","6.49","No",,"Yes","1","0","1","0","16","439.34","15","0","0","0","0","0","0","0","0","0",
"DLH250812","X002DPWX6R","B0FMNPLHSS","CVNRCLP Spiral-Ohrdehner, Acryl, Schwarz, 8 Stück, Acryl","New","5.59","No",,"Yes","20","20","0","0","20","99.96","0","0","0","0","0","0","20","0","0","20",
"DLH250813","X002DPE9FZ","B0FMJY3FTJ","Glasöffner für schwache Arthritis-Hände, universeller verstellbarer Schraubenschlüssel, Glasöffner, Ratschen-Set, verstellbarer Schraubenschlüssel, Riemenschlüssel, Öffner, Arthritis","New","4.99","No",,"Yes","0","0","0","0","0","367.07","0","0","0","0","0","0","0","0","0","0",
"DLH250814","X002DPDWPX","B0FMFD2BTR","CVNRCLP 2 Stück Salatbesteck Edelstahl Salat-Servierset Salatbesteck Salatbesteck Salatlöffel Salatgabel","New","6.39","No",,"Yes","10","10","0","0","60","272.35","25","25","0","0","0","0","10","0","0","10",
"DLH250815","X002DP947D","B0FMK5TX8V","4 Stück Spannverschluss aus Edelstahl mit Schrauben, Federknebelverschluss, Schnappschelle Clip, Kastenverschluss, Kappenschloss für Werkzeugkasten, Schublade, Truhe, Koffer, Schrank","New","5.19","No",,"Yes","31","31","0","0","31","99.96","0","0","0","0","0","15","31","0","0","31",
"DLH250817","X002DPAVP7","B0FMK4X5C1","CVNRCLP 2 Stück Truthahn-Bratenspritze groß, Huhn, Backpipette, Aquarium-Injektor, Kunststoff-Tropfgummikopf","New","7.69","No",,"Yes","22","22","0","0","62","1482.87","20","20","0","0","0","0","22","0","0","22",
"DLH250819","X002DPGE0N","B0FMK7KNF9","CVNRCLP 6er Set Federstäbe für Katzen - Variable Farbe - Farbige Federn - Interaktives Katzenspielzeug mit Glocken für Katzen und Kätzchen","New","7.19","No",,"Yes","16","13","0","3","61","1554.64","15","30","0","0","0","0","13","0","0","13",
"DLH250820","X002DP2VTV","B0FMJR8M77","Hundeleine Große Hunde Kleine Hunde Leicht Mittelgroße Leine Hund Verstellbar Kordelzug Einstellbare Länge Metallschnalle Am Griff Haken Zinklegierung","New","3.99","No",,"Yes","0","0","0","0","0","99.96","0","0","0","0","0","0","0","0","0","0",
"DLH250821","X002DQE4OZ","B0FMFGBTNW","Große Haarspangen für Damen, schlichte, matte Haarspangen, Vintage-Stil, einfarbig, modischer Haarschmuck für dickes, dünnes Haar, 3 Stück","New","5.29","No",,"Yes","0","0","0","0","0","99.96","0","0","0","0","0","0","0","0","0","0",
"DLH250822","X002DPETBJ","B0FMK23WW8","Matcha-Sieb & loser Teesieb | Metall feinmaschig Edelstahl | Mini Puderzuckersieb | Teefilter | kleines Matcha-Sieb in Gold (1)","New","7.29","No",,"Yes","9","8","0","1","49","288.74","20","20","0","0","0","30","8","0","0","8",
"DLH250823","X002DQD52R","B0FMF8Z9HH","Haarbürste mit Wildschweinborsten, glatte Rückseite, für geschmeidigen Pferdeschwanz und Glättung von Babyhaaren, Flyaways, Kantenkontrolle, Backcombing & Teasing Haarbürste mit breitem Rattenschwanz","New","5.49","No",,"Yes","1","0","1","0","1","345.93","0","0","0","0","0","0","0","0","0","0",
"DLH250824","X002DPFOFJ","B0FMK612G9","CVNRCLP Wiederverwendbare Netz-Weinflaschenhüllen – 22 cm Schutzhüllen für Likör- und Weinflaschen – langlebige und sichere Flaschenschutzhüllen, 30 Stück, weiß, Leicht, wiederverwendbar","New","6.29","No",,"Yes","4","4","0","0","4","413.94","0","0","0","0","0","0","4","0","0","4",
"DLH250825","X002DPAL6V","B0FMK1DFVH","CVNRCLP Robuste Saugnäpfe, Anker, Mehrzweck-Camping-Saugnapf-Haken für Zuhause, Outdoor, Auto, Van, LKW, Markise, Bootsplane (2)","New","6.19","No",,"Yes","18","18","0","0","18","99.96","0","0","0","0","0","0","18","0","0","18",
"DLH250826","X002DPH371","B0FMKB3G4M","CVNRCLP Lustige Küchenschürze Sexy Schürze 3D-lustige Kochschürze Sexy Mann-Frau-Schürze Neuheit Erwachsene für Geburtstagsfeier urkomisches Streiche Geschenk Witz Frauen Küche BBQ Party","New","6.89","No",,"Yes","3","3","0","0","93","99.96","30","60","0","0","0","0","3","0","0","3",
"DLH250827","X002DPDWF3","B0FMK44DDD","CVNRCLP Sturmhaube, Skelett-Kostüm, Ganzkopf-Ski-Schlauchschal, gestrickt, Winddicht, wärmend, Kopfbedeckung für Fahrrad, Skateboard, Motorrad, Snowboard, Outdoor-Sport, Schwarz, Schwarz","New","10.10","No",,"Yes","34","33","1","0","144","99.96","80","30","0","0","0","0","33","0","0","33",
"DLH250828","X002DPAXWD","B0FMK56W9L","Küchenabflusssieb aus Silikon mit Edelstahlrand | Küchenspüle Abflussabdeckung | Abflusssieb zum Auffangen von Lebensmittelverstopfungen | Lebensmittelauffangsieb | Küchenstöpsel Abflusssieb","New","7.89","No",,"Yes","27","27","0","0","27","768.39","0","0","0","0","0","0","27","0","0","27",
"DLH250829","X002DP5J59","B0FMJ4SLZ4","CVNRCLP Küchenschrankgriffe aus Edelstahl, gebürstet, Lochmitte, 2 Stück","New","4.29","No",,"Yes","0","0","0","0","0","99.96","0","0","0","0","0","0","0","0","0","0",
"DLH250830","X002DP91WV","B0FMK56WDW","CVNRCLP Titan-Stahl-Schmuck, Punk-Geist, Geist, Rock, Kreuz, Edelstahl, Anhänger, Halskette, Geisterband, Merchandise, M, Edelstahl","New","4.89","No",,"Yes","15","14","0","1","15","99.96","0","0","0","0","0","0","14","0","0","14",
"DLH250831","X002DQEX4L","B0FMF1DK1S","Türriegel, Rollkugel-Türschnapper, Edelstahl-Rollschnäpper, Türriegel für Innentür mit Schrauben für Zuhause, Küche, Schrank, Schrank, Schwarz","New","4.89","No",,"Yes","11","11","0","0","11","99.96","0","0","0","0","0","0","11","0","0","11",
"DLH250835","X002DQE8ZP","B0FMF29L2R","CVNRCLP Klebe BH Trägerlos Rückenfrei Unsichtbar Wiederverwendbar Push Up Silikon BH für Frauen, Beige","New","4.99","No",,"Yes","1","0","1","0","81","99.96","20","60","0","0","0","15","0","0","0","0",
"DLH250836","X002DP192B","B0FMJM55ZP","20 Stück Deckenvorhangschienen-Gleiter, Stangenläufer, Drapierstoffschiene, Klebebandhaken, müheloses Gleiten, Vorhangschiene, Gleithaken, Stangenschienen, Rollen für Fenster, Tür, Duschvorhang","New","3.79","No",,"Yes","20","0","0","1","60","194.35","20","20","0","0","0","30","0","0","19","19",
"DLH250839","X002DP5UFD","B0FMJN11H3","2 x Volumen-Haar-Clips, Haarpolster-Werkzeug, braunes Volumen-Haar, Bump-Up-Clip, Haar-Accessoire","New","5.99","No",,"Yes","31","0","1","0","131","99.96","60","40","0","0","0","15","0","0","30","30",
"DLH250840","X002DQD531","B0FMF7PMHN","2 Stück Gitarren Reinigungsset, Gitarrenzubehör, Gitarrenreiniger, Gitarrensaitenreiniger, Griffbrettreiniger, Gitarrenwerkzeuge zum Reinigen von Saiten und Griffbrett","New","5.29","No",,"Yes","18","18","0","0","18","99.96","0","0","0","0","0","0","18","0","0","18",
"DLH250841","X002DQCCY9","B0FMF5GMH4","Verbessertes Abflusssieb für die Küchenspüle, Edelstahlsieb, Ersatz-Ablaufstopfen für Lebensmittel/Haarfänger","New","4.89","No",,"Yes","5","5","0","0","45","99.96","20","20","0","0","0","0","5","0","0","5",
"DLH250842","X002DQ229T","B0FMNN12M9","CVNRCLP Universal-Werkzeug zum Entfernen von Golfschuhen, Schwarz, 4 Stück, Handschlüssel für zweipolige Golf- und Cricketschuhe, einfaches Spike-Wechselwerkzeug","New","4.99","No",,"Yes","0","0","0","0","0","99.96","0","0","0","0","0","0","0","0","0","0",
"DLH250843","X002DPBELR","B0FMK7WLSD","CVNRCLP Edelstahl Hexagramm Stern Halskette Mode Einfach wandern Anhänger Retro Männer und Frauen Paare Hohl Anhänger Halskette Davidstern","New","4.89","No",,"Yes","10","10","0","0","10","99.96","0","0","0","0","0","0","10","0","0","10",
"DLH250844","X002DQ2CBR","B0FMNR7PDY","8-teiliges Edelstahl-Meeresfrüchte-Werkzeug-Set, für einfaches Entfernen von Fleisch, Mehrzweck-Krabben, Hummer, Schalentiere, Hummer, Krabben, Nüsse, Gabel, Meeresfrüchte, Gabeln, Picks für Küche","New","6.49","No",,"Yes","1","0","0","0","1","99.96","0","0","0","1","0","0","0","0","0","0",
"DLH250845","X002DQ4AFD","B0FMNXPGWD","Gardinenschienenrollen, Doppelrollen, Vorhangschienengleiter, geräuschlos, für Deckengardinen, Weiß, 50 Stück","New","6.79","No",,"Yes","20","20","0","0","20","99.96","0","0","0","0","0","0","20","0","0","20",
"DLH250846","X002DQE4OF","B0FMDZGB11","CVNRCLP Quetschflaschen, 2 Stück, 200 ml, nachfüllbare Kunststoff-Reisebehälter, leere Flaschen mit Scheibendeckel, Reisezubehör für Shampoo, Cremes, Lotion, Conditioner","New","3.89","No",,"Yes","0","0","0","0","0","99.96","0","0","0","0","0","0","0","0","0","0",
"DLH250847","X002DQ3V21","B0FMNXQD9Q","Bambusspieße, Grillspieße, Schaschlikstäbe, Holzpaddel-Picker, Bambusspieße, flache Burger-Paddelstäbchen, Holz, Mini-Holz-Rührstäbchen, Charcuterie-Zubehör, 200 Stück","New","6.29","No",,"Yes","24","24","0","0","24","914.56","0","0","0","0","0","0","24","0","0","24",
"DLH250848","X002DQEGP7","B0FMF9Y89B","1-10 Nummerierte Anhänger mit Schlüsselring Edelstahl Schlüsselringe mit Nummern Runde Nummer Schlüsselanhänger für Schlafsaal Schließfächer Gepäck Restaurant und Hotelbedarf","New","5.49","No",,"Yes","38","18","0","0","38","51.13","0","0","0","0","0","0","18","0","20","38",
"DLH250849","X002DPGBE7","B0FMK7Z8W8","CVNRCLP Autoschaukel Ente Rückspiegel Anhänger Ente Autozubehör Autoente","New","5.29","No",,"Yes","0","0","0","0","0","99.96","0","0","0","0","0","0","0","0","0","0",
"DLH250850","X002DP7IXF","B0FMJFZT39","Multifunktion Pillenschneider, 4 in 1 Pillensplitter Crusher Box Tablettenschneider Kompakt Tragbar Pillenzerkleinerer Mahlwerk Perfekter Pillensplitter für Tabletten Kleine Pillen Feines","New","3.99","No",,"Yes","0","0","0","0","0","99.96","0","0","0","0","0","0","0","0","0","0",
"DLH250851","X002DQE4PJ","B0FMF9LWVB","Hundehalsband mit Zugstopper, Dressurhalsband, Nylon-Hundehalsband für die Ausbildung Kleiner bis mittelgroßer Hunde","New","3.69","No",,"Yes","0","0","0","0","0","99.96","0","0","0","0","0","0","0","0","0","0",
"DLH250852","X002DPBF61","B0FMK923QN","Kunststoffknöpfe zum Aufnähen für Mäntel, Jacken, Strickjacken, flach, 4 Löcher, Dunkelbraun, 20 mm, 6 Stück","New","3.79","No",,"Yes","49","49","0","0","79","99.96","30","0","0","0","0","0","49","0","0","49",
"DLH250853","X002DQEGOX","B0FMF6346N","Magischer flacher manueller Hand-Schneebesen aus Edelstahl, Küchenwerkzeug, Mini-Schneebesen, Federspiraldraht, kompakt, bequem und effizient, Kaffeesauce, Milch, Kochen, Backen, Schlagen","New","4.39","No",,"Yes","0","0","0","0","0","99.96","0","0","0","0","0","0","0","0","0","0",
"DLH250854","X002DPF80P","B0FMK242FJ","Kunststoffknöpfe zum Aufnähen, rund, Kunsthorn, zum Aufnähen, für Mäntel, Jacken, Strickjacken, flach, 4 Löcher, 21mm, Blau, 6 Stück","New","3.79","No",,"Yes","35","34","0","1","55","99.96","20","0","0","0","0","15","34","0","0","34",
"DLH250855","X002DPGSTF","B0FMK6CP61","CVNRCLP Samtband Weinrot, 2,5 cm Breite 4,5 m Länge, Vintage Samtband für Geschenkverpackung, Weihnachtsdekoration, Hochzeit, Basteln, Schleifenherstellung","New","5.29","No",,"Yes","24","24","0","0","24","99.96","0","0","0","0","0","40","24","0","0","24",
"DLH250858","X002DPX83T","B0FMNVS6L7","8 Stück Gepäck-Radabdeckungen, tragbare Silikon-Gepäck-Radschutzabdeckungen, geräuschdicht, Gepäckspinner-Radabdeckungen für die meisten 8 Lenkrollen (blau + rosa), blau, Einheitsgröße","New","3.79","No",,"Yes","0","0","0","0","0","99.96","0","0","0","0","0","15","0","0","0","0",
"DLH250859","X002DQ2OA1","B0FMNTZN99","Anti Schnarchen Kinnriemen Schnarchstopper Schnarchlösung, Professionell Wirksam Hilft Gegen Schnarchen Schnarchgerät Zur Schnarchreduzierung","New","3.69","No",,"Yes","0","0","0","0","0","323.48","0","0","0","0","0","0","0","0","0","0",
"DLH250861","X002DPWSA3","B0FMNRFQ43","CVNRCLP Venezianische Herren-Maske, Ballmaske, Gesichtsmaske für Party, Kostümball, Maskenball, Halloween (Silber)","New","4.19","No",,"Yes","30","29","0","0","30","2941.64","0","0","0","1","0","60","29","0","0","29",
"DLH250862","X002DP5J4Z","B0FMJCYHRV","CVNRCLP Personalisiertes Herren-Armband aus Titanstahl, Instrument, Leder, Hip-Hop-Musik, Windgitarre, Schmuck","New","5.99","No",,"Yes","20","20","0","0","40","99.96","20","0","0","0","0","0","20","0","0","20",
"DLH250863","X002DQCCXZ","B0FMFCJRZV","Mini-Messlöffel-Set, Edelstahl, kleine Messlöffel, 1/4 Teelöffel, Dash 1/8 Teelöffel, Prise 1/16 Teelöffel, Smidgen 1/32 Teelöffel, Tropfen 1/64 Teelöffel für Zuhause, Küche, Backen, Kochen, Geschenke","New","6.19","No",,"Yes","30","0","0","0","70","33.76","20","20","0","0","0","0","0","0","30","30",
"DLH250864","X002DPHQEB","B0FMKDHQFS","Piercingkugeln 16G 5mm Ersatzkugeln für Piercing Schmuck Chirurgenstahl Bauchnabelstangen Zungenpiercing Neun Muttern Ohrläppchen Haken Augenbrauen Industrial Piercings Lippenklappen Lippenklammern","New","3.85","No",,"Yes","20","0","0","0","20","99.96","0","0","0","0","0","0","0","0","20","20",
"DLH250865","X002DQE8ZF","B0FMF73DL1","Dutt Perücke mit Haaren, Synthetische Messy Bun Haare, Feminin Zerzauster Dutt, Blond Gebleicht","New","3.99","No",,"Yes","30","5","0","0","30","99.96","0","0","0","0","0","15","5","0","25","30",
"DLH250867","X002DPXRMB","B0FMNL3S8P","Eisportionierer aus Edelstahl, Eislöffel, Restaurant, Kochen, Küchenutensilien, Eiscreme, Kartoffeln, Salat, Fleisch, Knödel, Edelstahl, Eisportionierer, 2 Stück","New","6.29","No",,"Yes","0","0","0","0","80","1127.27","50","30","0","0","0","0","0","0","0","0",
"DLH250868","X002DPS0MX","B0FMNCMWQY","Universal Fleischgrill Thermometer Sonden Clip Halter für Umgebungstemperatur Messwerte BBQ Grill Ofen Smoker, 2 Stück","New","4.49","No",,"Yes","30","29","0","0","55","99.96","25","0","0","1","0","0","29","0","0","29",
"DLH250869","X002DQ2FUZ","B0FMNS2F27","4 robuste Trigger-Clips, 360 ° drehbar, Karabinerhaken bis zu 330 kg, Zinklegierung, Karabinerhaken für Hundeleinen, Camping, Schlüsselanhänger","New","3.99","No",,"Yes","0","0","0","0","0","99.96","0","0","0","0","0","0","0","0","0","0",
"DLH250870","X002DP4B7V","B0FMJJJPKP","Seifenhalter zum Anklippen, kompatibel mit 22 mm Stange, ABS-Schale für Dusche, 360° verstellbare Chromwanne für Küche, Badezimmer, Waschbecken (schwarz)","New","8.34","No",,"Yes","21","20","1","0","21","99.96","0","0","0","0","0","0","20","0","0","20",
"DLH250871","X002DPS1HR","B0FMNNBQ7V","CVNRCLP Handy-Anhänger mit Natursteinen, Kristall, Handschlaufe, Handschlaufe, Handschlaufe, hängende Schnur, Anti-Verlust-Schlüsselanhänger für Frauen, Einheitsgröße, Kristall, 1","New","5.19","No",,"Yes","13","13","0","0","33","99.96","10","10","0","0","0","0","13","0","0","13",
"DLH250872","X002DQEKPD","B0FMFBH1GX","CVNRCLP Schwarzer Choker Samt Choker Halskette Stretch Gothic Choker mit Perlenanhänger für Frauen und Mädchen, M, Leder, Leder","New","4.15","No",,"Yes","17","17","0","0","17","99.96","0","0","0","0","0","0","17","0","0","17",
"DLH250873","X002DPWRJF","B0FMNRM16J","CVNRCLP Isolierband,abdichtungsband,dichtband Selbstklebend Wasserdicht,isolierband Selbstverschweißendes Klebeband,für Schlauch Notfallreparatur Kabelisolierung","New","4.69","No",,"Yes","25","25","0","0","45","99.96","20","0","0","0","0","0","25","0","0","25",
"DLH250874","X002DQEGON","B0FMFGZ9FK","CVNRCLP Maskerade Maske Herren Venezianische Party Ball Masken Vintage Halloween Kostüm Karneval Maske Weihnachten für Verkleidung Cosplay Proms Karneval Zubehör","New","5.99","No",,"Yes","22","22","0","0","82","99.96","30","30","0","0","0","0","22","0","0","22",
"DLH250877","X002DQBIMB","B0FMFB8RTN","CVNRCLP Herren Krawatte Bunte Blöcke, 145 × 8 cm, Hochwertiges Polyester, Für Hochzeiten, Business & Partys, Einheitsgröße für Erwachsene","New","4.79","No",,"Yes","0","0","0","0","0","99.96","0","0","0","0","0","0","0","0","0","0",
"DLH250878","X002DPS1MR","B0FMN3G3YH","7 Packungen Weihnachtsbaum-Anhänger Hund hängende Ornamente Acryl flach niedlich Wurst Hund Weihnachtsbaum Dekoration Urlaub Weihnachten Party Home Decor","New","3.59","No",,"Yes","0","0","0","0","0","99.96","0","0","0","0","0","30","0","0","0","0",
"DLH250879","X002DP3R6R","B0FMJGY7NM","Kreolen-Ohrstecker-Set für Männer und Frauen, Kein Piercing, Schmuck für Abschlussfeier, Ostern, Weihnachten, Einheitsgröße, Titanstahl","New","5.39","No",,"Yes","1","0","0","0","1","99.96","0","0","0","1","0","0","0","0","0","0",
"DLH250880","X002DPXM4J","B0FMMVX9TR","Haarknotenmacher, Ring-Stil, Dutt-Ringe für Haar, braun, 2 Stück, Chignon-Haar, mittelgroßer Donut-Former für kurzes und dünnes Haar (mittel, 7,6 cm/braun)","New","2.69","No",,"Yes","0","0","0","0","0","99.96","0","0","0","0","0","0","0","0","0","0",
"DLH250881","X002DQ2LCR","B0FMNQLMCL","Schweißbänder für Kinder, Schweißband, Sportschweißband, saugfähiges Sportarmband, elastisches Baumwollarmband für Fitnessstudio, Basketball, Fußball, Tennis, Laufen, Sport, 6 Stück","New","6.79","No",,"Yes","29","29","0","0","58","1035.66","0","29","0","0","0","0","29","0","0","29",
"DLH250882","X002DQEKOT","B0FMF7JNKS","Bangs Lockenstab Einfache Handlocke, 50 mm (2 Sets), Handlockenstab, einfacher dicker koreanischer Stil, extra groß, einfacher Lockenhaken, Aluminiumkern, modisch, kleines Gesicht, flauschiger","New","4.29","No",,"Yes","0","0","0","0","0","99.96","0","0","0","0","0","0","0","0","0","0",
"DLH250883","X002DPAOT5","B0FMK4YZL2","CVNRCLP Langer Rührlöffel, Kerzenwachsmixer, Multifunktionaler Edelstahl-Löffel mit Langem Griff, Bar-Rührlöffel, Cocktail-Bar-Werkzeug, Für Kaffee, Tee, Wachskerze, Kochlöffel","New","3.59","No",,"Yes","0","0","0","0","0","99.96","0","0","0","0","0","0","0","0","0","0",
"DLH250884","X002DP7HB3","B0FMJDFTC6","Tee-Ei für lose Blätter, Silikon-Tee-Ei, feines Netz, loser Teesieb, Silikondeckel, Teetassenfilter für losen Tee oder Kräutertee (1 Stück, grün)","New","5.79","No",,"Yes","0","0","0","0","0","99.96","0","0","0","0","0","0","0","0","0","0",
"DLH250886","X002DQE6PH","B0FMF5Z5PB","Cocktailspieße, 100 Stück, Holz-Zahnstocher, Partyzubehör, Rüschen, Fingerfood, Obst, Sandwich-Knabbereien – rosa Herzen","New","5.99","No",,"Yes","2","2","0","0","62","99.96","15","45","0","0","0","0","2","0","0","2",
"DLH250887","X002DQ6DD5","B0FMNXHVW8","2 Stück Hand-Gesichtshaarentfernung, Einfädelwerkzeug, Entferner, Feder, Gesichtshaar-Epilierer, Verwendung für Frauen, Gesichtshaar, Beauty-Werkzeuge, zufällige Farbe","New","5.59","No",,"Yes","33","27","1","3","121","99.96","50","38","0","0","0","0","27","0","2","29",
"DLH250888","X002DQ13E9","B0FMNYTL5N","CVNRCLP Surfer Boho Halskette mit Holzperlen und Kokosnuss Perlen Armband für Männer und Frauen","New","6.89","No",,"Yes","9","8","0","1","49","99.96","20","20","0","0","0","0","8","0","0","8",
"DLH250889","X002DP24MZ","B0FMJTJ2DB","Weihnachtskranz-Brosche mit Strasssteinen, Vintage-Stil, für Damen und Mädchen, Anstecknadel, Familienfeier, Schmuck, festliche Feiertagsdekorationen, Weihnachtsgeschenke, Rot, Einheitsgröße","New","2.89","No",,"Yes","0","0","0","0","0","99.96","0","0","0","0","0","0","0","0","0","0",
"DLH250892","X002DPBDCH","B0FMK463NF","30 Paar Ohrstöpsel zur Geräuschunterdrückung, ultraweiche Schaumstoff-Ohrstöpsel zum Schlafen, Schnarchen, Geräuschunterdrückung, wiederverwendbare","New","4.19","No",,"Yes","0","0","0","0","0","99.96","0","0","0","0","0","0","0","0","0","0",
"DLH250893","X002DP30EV","B0FMJVK8PH","Sandelholzkamm, breiter Zahnkamm für Locken, kein statischer handgefertigter Haarkamm, hochwertiger Holzlockenkamm für Frauen (breiter Zahnkamm)","New","5.69","No",,"Yes","12","11","1","0","12","99.96","0","0","0","0","0","0","11","0","0","11",
"DLH250894","X002DQ2B4P","B0FMNQ48SM","Fahrrad-Lenkergriffe, weich, rutschfest, für Kinderfahrrad, Roller, Lenkergriffe, Gummigriffabdeckung, universelle Kinder-Fahrradgriffe für Kinder, Jungen, Mädchen","New","5.09","No",,"Yes","31","23","0","7","71","386.73","40","0","0","0","0","15","23","0","1","24",
"DLH250896","X002DPKRYR","B0FMK771FK","Fahrrad-Lenkergriffe, weich, rutschfest, für Kinderfahrrad, Roller, Lenkergriffe, Gummigriffabdeckung, universelle Kinder-Fahrradgriffe für Kinder, Jungen, Mädchen","New","5.69","No",,"Yes","64","55","1","2","144","195.99","40","40","0","0","0","0","55","0","6","61",
"DLH250897","X002DP6YRL","B0FMJRV7ZH","12 Sicherheitsnadeln für Babywindeln, 4,1 cm Windeln, Kunststoff, Stecknadeln, 40 mm, langlebige Kopfverschlüsse mit Sicherheitsverschluss, Edelstahl, ideal für Frottee-Quadrate, Flache und","New","4.99","No",,"Yes","31","10","0","1","31","99.96","0","0","0","0","0","30","10","0","20","30",
"DLH250898","X002DPV7TB","B0FMNNQ5WX","Pet Pill Plunger for Small Cats Dogs Pill Gun Dispenser Pet Piller Reusable Cat Pill Dispenser Soft Tip Tablet Spritze Pusher Animal Medicine Feeder for Feeding Accessories cat and dog pill giver","New","4.29","No",,"Yes","31","30","0","0","31","99.96","0","0","0","1","0","15","30","0","0","30",
"DLH250901","X002DPXGVN","B0FMNZ194S","CVNRCLP Haifischzahn-Halskette, Einfacher Anhänger, Europäischer und Amerikanischer Schmuck, Bohemian-Stil, Zahnschnitzerei, Handwerk, Harz","New","5.29","No",,"Yes","0","0","0","0","0","99.96","0","0","0","0","0","0","0","0","0","0",
"DLH250902","X002DPXFB9","B0FMNXGBQ9","CVNRCLP Handytasche mit Reißverschluss, Umhängeband, Brustbeutel für Handy, Stoßfeste Handyhülle, Wasserdicht, Schwarz","New","5.89","No",,"Yes","20","20","0","0","20","429.67","0","0","0","0","0","0","20","0","0","20",
"DLH250903","X002DQABFL","B0FMF8M8MB","Brillenetui Case Klassische Schutzhülle für Sonnenbrillen PU Leder Unisex","New","5.99","No",,"Yes","30","22","0","2","110","99.96","0","80","0","0","0","0","22","0","6","28",
"DLH250904","X002DQ2WEJ","B0FMNTGJ25","Verstellbarer Nylon-Maulkorb für Kurze Schnauzen, Anti-Bell-Mundabdeckung für kleine, mittelgroße und große Hunde (Größe S, Rot)","New","4.79","No",,"Yes","3","1","0","1","3","99.96","0","0","0","1","0","0","1","0","0","1",
"DLH250905","X002DPXMDP","B0FMNNFP94","Silikon-Dichtungsringe für Instant Pot, Schnellkochtopf-Ersatzdichtung","New","6.79","No",,"Yes","31","28","0","0","31","2051.33","0","0","0","0","0","0","28","0","3","31",
"DLH250906","X002DPE6QH","B0FMK66V1P","CVNRCLP Polarisierte UV-Fahrradbrille für Herren und Damen, Laufbrille Herren Damen, UV 400 Fahrradbrille, gewickeltes Design, leicht, stilvoll, Golf & Angeln, Sport-Sonnenbrille","New","6.30","No",,"Yes","0","0","0","0","0","99.96","0","0","0","0","0","0","0","0","0","0",
"DLH250907","X002DP2WOP","B0FMJPMWPD","Silikon-Backmatte, Kuchenmatte, Silikon-Kuchenmatte, Silikon-Backmatte mit Messungen, für Kuchen, Drehteller, Ständer, antihaftbeschichtet, hitzebeständig, Gebäck-Backblech, Rosa","New","5.59","No",,"Yes","21","0","1","0","61","2138.51","20","20","0","0","0","0","0","0","20","20",
"DLH250908","X002DP6RVJ","B0FMJR5G57","6-teiliges Eierlöffel-Set aus Edelstahl, perfekt für weich gekochte Eier und Frühstücksgenuss","New","6.39","No",,"Yes","0","0","0","0","70","99.96","20","50","0","0","0","0","0","0","0","0",
"DLH250909","X002DPTK8B","B0FMNQW271","Schwarze Katze Ornamente für den Baum | 2D lustige Weihnachtskatzendekorationen - Weihnachtsschmuck für Fenster, Kaminsims, Kamin, Baum niedliche und schöne Weihnachtsdekoration","New","2.39","No",,"Yes","0","0","0","0","0","99.96","0","0","0","0","0","0","0","0","0","0",
"DLH250911","X002DQ30QX","B0FMNVVK4C","Silikon-Wasserhahn-Verlängerung, Zahnbürsten, Gurgeln, Händewaschen, Verlängerung, Badezimmer, Küche, Spüle, Zubehör (3 Blau + 3 Grün), 6 Stück","New","5.19","No",,"Yes","23","3","0","0","52","733.32","0","29","0","0","0","0","3","0","20","23",
"DLH250912","X002DQ2XJX","B0FMNRHFRW","Maschenmarkierer aus Kunststoff, für Zuhause, Reisen, Rot","New","2.99","No",,"Yes","13","13","0","0","13","59.16","0","0","0","0","0","0","13","0","0","13",
"DLH250913","X002DQE4OP","B0FMF5BY9J","CVNRCLP Polarisierte UV-Fahrrad-Sonnenbrille für Herren und Damen, Lauf-Sonnenbrille, leicht, stilvoll, Golf und Angeln, Fahrradbrille, Sport-Sonnenbrille (schwarzer Rahmen, blaue Folie)","New","5.89","No",,"Yes","0","0","0","0","0","99.96","0","0","0","0","0","0","0","0","0","0",
"DLH250914","X002DP9L03","B0FMK88TCQ","CVNRCLP Motiv Schürze,Lustige Küchenschürze, sexy Männerschürzen,grillmeister schürze,grillschürze für männer，Damen Grill Vorhänge","New","4.89","No",,"Yes","35","35","0","0","65","99.96","0","30","0","0","0","0","35","0","0","35",
"DLH250916","X002DQ2ATV","B0FMNRM2LC","Antennenaufsatz, dekorativer Antennenaufsatz - Dachdekoration in Autoform (gelb)","New","6.69","No",,"Yes","12","10","0","2","82","99.96","20","50","0","0","0","0","10","0","0","10",
"DLH250917","X002DQE4P9","B0FMF8K961","6 Stück Flaschensprinkler DIY kleine Kunststoff-Gießkanne Pflanzenbewässerung geeignet für Trinkflaschen Samen Sämling Garten Bewässerung Mini Gießkanne","New","7.99","No",,"Yes","0","0","0","0","0","1439.44","0","0","0","0","0","0","0","0","0","0",
"DLH250918","X002DPZJZT","B0FMNGJQLF","CVNRCLP Lose Armbänder, griechische Gebetsperlen, Sorgenperlen, Gemischte Materialien","New","5.59","No",,"Yes","0","0","0","0","80","99.96","30","50","0","0","0","0","0","0","0","0",
"DLH250919","X002DPFZIZ","B0FMK7ZSFG","2 Stück Laborlöffel Langer Griff Mikrolöffel für Handhabung von Graphitadditiven Laborsampling und Industrielle Anwendungen","New","4.89","No",,"Yes","7","7","0","0","7","260.06","0","0","0","0","0","0","7","0","0","7",
"DLH250921","X002DPXWXF","B0FMNG5CTD","Lustiger Weihnachtsbaumschmuck für Hundeliebhaber, Geschenkidee, Weihnachtsdekoration, niedlicher Hund, Weihnachtsbaumspitze zum Aufhängen (brauner Chihuahua)","New","3.19","No",,"Yes","0","0","0","0","0","99.96","0","0","0","0","0","30","0","0","0","0",
"DLH250922","X002DP8EA1","B0FMK3QYXT","Make-up-Pinsel zum Fixieren von Pudern, losen Pudern und, Gesichts-Make-up-Pinsel,","New","3.09","No",,"Yes","0","0","0","0","0","99.96","0","0","0","0","0","0","0","0","0","0",
"DLH250923","X002DQ4AVH","B0FMNYP1PW","Lustiger Weihnachtsbaumschmuck für Hundeliebhaber, Geschenkidee, Weihnachtsdekoration – niedliche Hunde-Weihnachtsbaumspitze zum Aufhängen (Schwarze französische Bulldogge)","New","2.79","No",,"Yes","0","0","0","0","0","99.96","0","0","0","0","0","0","0","0","0","0",
"DLH250924","X002DQAAD9","B0FMF4S38N","Heizkörperrohrabdeckungen, 15 mm, Kragen, geschnitten, passend für Badezimmer, Chrom, moderne Ästhetik, leicht zu reinigen, Heimdekoration, Heimdekoration, Heizkörperrohrabdeckungen","New","7.39","No",,"Yes","27","27","0","0","47","99.96","20","0","0","0","0","0","27","0","0","27",
"DLH250925","X002DQ4KP3","B0FMNZCLXB","CVNRCLP Haarturban, Elastisch, für Damen, Weicher Kopf, Turban, Beanie, Plissiert, Damen-Turban-Stil, Mütze, Schwarz","New","3.09","No",,"Yes","0","0","0","0","0","99.96","0","0","0","0","0","0","0","0","0","0",
"DLH250926","X002DQ132V","B0FMNZNFBV","CVNRCLP Iron Man Sonnenbrille Europa und die Vereinigten Staaten Fashion Square Frame Spiderman mit Sonnenbrille Herren Trend Brillen Hersteller Sonnenbrillen Herren Brillen & Accessoires, rot","New","6.19","No",,"Yes","25","24","0","1","25","99.96","0","0","0","0","0","0","24","0","0","24",
"DLH250927","X002DQ8MB1","B0FMFCRLSQ","Haarnadeln für französische Haarnadeln in U-Form, 2 Zinken, für Hochsteckfrisuren, Chignon-Nadeln für Frauen 2 Stück","New","5.19","No",,"Yes","10","10","0","0","10","99.96","0","0","0","0","0","0","10","0","0","10",
"DLH250929","X002EJCKER","B0FR4D4VWB","7 cm Edelstahl Feinsieb, Feinmaschig, Mit Griff & Aufhängöse, Für Tee, Kaffee & Backen, Spülmaschinengeeignet, Silber","New","6.39","No",,"Yes","0","0","0","0","0","705.79","0","0","0","0","0","0","0","0","0","0",
"DLH250930","X002EJTPZJ","B0FR4VNB47","Universal Siebkörbchen Abflussstopfen, Edelstahl Waschbeckenstöpsel Küche Abflusssieb, Spüle Zubehör, Waschbeckensieb, Spülbecken Stöpsel","New","5.59","No",,"Yes","1","0","1","0","1","99.96","0","0","0","0","0","20","0","0","0","0",
"DLH250931","X002EJUW0V","B0FR4YCJ66","Abflusssieb küchenspüle 79,3mm - Siebkörbchen mit Höhenverstellbar - Waschbecken sieb - Spülbecken Abflussstopfen","New","4.39","No",,"Yes","19","19","0","0","19","99.96","0","0","0","0","0","20","19","0","0","19",
"DLH250932","X002EJRXZ3","B0FR4XB6HS","V Gesichtsmasken, Wiederverwendbare V-Linienmaske, Doppelkinn Entferner Lifting-Maske, V-förmiges Kinn Gesichtsstraffungsband, Gesichts-Schlankheitsgurt für Doppelkinn und schlaffe Gesichtshaut","New","5.59","No",,"Yes","33","33","0","0","33","99.96","0","0","0","0","0","0","33","0","0","33",
"DLH250933","X002EJV7C3","B0FR4WRG78","Anti Schnarchen Kinnriemen,Anti Snoring Chin Strap,Antischnarch Band,Schnarchstopper Anti Schnarchen,Schnarchlösung,Für Schnarchen,Reduktion Snore Relief Kinnriemen","New","5.69","No",,"Yes","1","0","1","0","1","935.05","0","0","0","0","0","0","0","0","0","0",
"DLH250934","X002EKGLFP","B0FR7KQ48D","Verstellbarer Kinnriemen, Weich & Atmungsaktiv, Einfache Handhabung, Kompakt & Tragbar, Für Erwachsene, Schwarz","New","5.59","No",,"Yes","0","0","0","0","0","99.96","0","0","0","0","0","0","0","0","0","0",
"DLH250935","X002EKP95D","B0FR8VHS4W","Anti-Schnarch-Kinnband Schlafapnoe – kinnmaske schlafen​mit Atmungsaktivem Design, Flexibles Gummi zur Schmerzfrei-Atmung, kinnmaske für Männer & Frauen | kinnband Schlafapnoe Stoppt Schnarc","New","4.89","No",,"Yes","20","20","0","0","20","685.14","0","0","0","0","0","30","20","0","0","20",
"DLH250936","X002EKGAVF","B0FR8JVKQZ","Gegen Schnarchen Chin Strap, Schnarchgerät Zur Schnarchreduzierung, kinnriemen schnarchen, anti schnarch Chin Strap Hilfe zur Schnarchreduzierung für Frauen und Männer, Pink","New","5.89","No",,"Yes","19","17","2","0","34","99.96","0","15","0","0","0","30","17","0","0","17",
"DLH250937","X002EKH5CX","B0FR8JC7G6","3 Stück Wasserhahn Adapter, Anschluss Wasserhahn,Gartenschlauch adapter Wasserhahn gartenschlauch Kupplung,Hahnverbinder 3/4 Zoll","New","4.59","No",,"Yes","40","10","0","0","40","99.96","0","0","0","0","0","30","10","0","30","40",
"DLH250938-1","X002EKMOG5","B0FR8CWF1R","2St Gartenschlauch Schnellverbindung,Gartenschlauch Anschluss M22 Innengewinde,M24 Außengewinde Hahnanschluss,Außengewinde Wasserhahnanschluss Set,Universal Hahnanschluss,für Garten Küche Wasserhahn","New","3.29","No",,"Yes","0","0","0","0","0","99.96","0","0","0","0","0","0","0","0","0","0",
"DLH250941","X002EO0LRZ","B0FRMVHYL3","100 Stück Gardinengleiter Gardinenröllchen Gardinenhaken Faltengleiter 10,9 mm Kopf mit Faltenhaken für Gardinenschienen Vorhangschienen Gardinenbretter Gardinen Laufschienen - Weiß","New","6.09","No",,"Yes","8","8","0","0","48","99.96","0","40","0","0","0","30","8","0","0","8",
"DLH250942","X002EP1CSV","B0FRRSDTT2","100 Überklipshaken mit 7mm Öse Gardinen Haken für Ringe Gardinenhaken zum Einhängen Faltenlegehaken für Gardinenringe Vorhang Haken Clips","New","4.79","No",,"Yes","19","19","0","0","64","99.96","15","30","0","0","0","0","19","0","0","19",
"DLH250944","X002EP42S3","B0FRS21Y6X","CVNRCLP Maskerade Maske für Halloween Männer Gesichtsmaske Kostümball Party-Verkleidung Maskenball Venezianische Maskerade Augenmaske Weihnachten Karneval Kostüm Fasching Abschlussball Maske (Gold)","New","6.89","No",,"Yes","3","0","3","0","43","1303.43","20","20","0","0","0","20","0","0","0","0",
"DLH250945","X002EPBENT","B0FRSHS1NG","CVNRCLP Sturmhaube für Damen und Herren, Dünnes Lycra, DREI Löcher, Vollgesichtsmaske für Motorrad, Fahrrad, Jagd, Radfahren, Ski","New","5.59","No",,"Yes","15","15","0","0","66","99.96","15","35","1","0","0","0","15","0","0","15",
"DLH250946","X002EQ3RX3","B0FRXKN1K2","CVNRCLP Thermische Sturmhaube aus Polyester, Schwarz, Atmungsaktiv & Winddicht, Für Skifahren, Motorradfahren & Outdoor, Unisex","New","3.19","No",,"Yes","0","0","0","0","0","99.96","0","0","0","0","0","0","0","0","0","0",
"DLH250947","X002EQ5T6L","B0FRXJYQYL","CVNRCLP 3 Stück Motorrad Totenkopf Maske, Sturmmaske, Skull Skelett Maske für Motorrad Fahrrad Ski Halloween, Schwarz","New","5.49","No",,"Yes","56","6","0","0","96","818.7","20","20","0","0","0","20","6","0","50","56",
"DLH250948","X002EQ3IO1","B0FRXMBGHD","CVNRCLP Sturmhaube Atmungsaktiv Sturmmaske UV-Schutz Balaclava Herren Damen Gesichtshaube für Motorrad, Fahrrad, Radfahren, Outdoor Sports","New","3.19","No",,"Yes","0","0","0","0","0","603.04","0","0","0","0","0","0","0","0","0","0",
"DLH250949","X002EQ5PGF","B0FRXLDKMH","CVNRCLP Venezianische Masken, Maskerade Maske Venezianischen Cosplay Fasching Verkleidung Maskenball Venedig Karneval Mottoparty Kostüm Maske für Herren und Damen","New","7.17","No",,"Yes","19","18","1","0","59","1582.01","20","20","0","0","0","34","18","0","0","18",
"DLH250950","X002ET5Y45","B0FS77J5WF","Eleganter und Charmanter Haar-volumenpolster-clip 3-teiliges Set Volumen-haarvergrößerungspolster Haarlifter Haarpolster-tool für Frauen","New","7.69","No",,"Yes","16","15","1","0","16","99.96","0","0","0","0","0","0","15","0","0","15",
"DLH250951","X002ETA2PL","B0FS78YKMR","Schwamm Donut Haarstyling Donut Haarknoten Donut Hair Bun Maker French Twist Haar Brötchen Styling Haar Twist Kranz Schnelle Haarknoten Maker Halter Twist für Dünnes Haar, Einfache Frisurenhilfe","New","6.59","No",,"Yes","16","0","1","0","16","1630.35","0","0","0","0","0","10","0","0","15","15",
"DLH250952","X002EXFG3F","B0FSRG2SJP","CVNRCLP 2 Stück Brillenetuis aus PU-Leder, Mit Schnappverschluss, Für Standardbrillen & Sonnenbrillen, Braun & Schwarz, Auch für Karten & Schmuck","New","6.79","No",,"Yes","12","12","0","0","12","99.96","0","0","0","0","0","0","12","0","0","12",
"DLH250953","X002EXFG35","B0FSRGZF28","CVNRCLP 2 Stück PU Brillenetui, Weiche Schutzhülle für Brillen & Sonnenbrillen, Tragbare Tasche mit Schutz vor Kratzern & Staub, Schwarz","New","7.79","No",,"Yes","25","0","0","0","80","99.96","20","35","0","0","0","0","0","0","25","25",
"DLH250954","X002EXKTMN","B0FSRK5S63","CVNRCLP Brillenetui, 2 Stück Tragbar Sonnenbrillen Etui mit Schnappverschluss Brillentasche Weich Brillen Schutzhülle Lesebrillenetui für Damen mit Reinigungstuch","New","8.49","No",,"Yes","14","14","0","0","14","1226.57","0","0","0","0","0","0","14","0","0","14",
"DLH250955","X002EY3ZXR","B0FSW2GDN9","Edelstahl-Eiertrenner für Eigelb, Eigelb-Trenner, Edelstahl Eigelb Weiß Filter Eiersieb Trenner Eiersieb Löffel Filter Eierteiler Küche Backen Werkzeuge, Ei Eigelb Eiweiß Abscheider","New","6.09","No",,"Yes","0","0","0","0","0","703.01","0","0","0","0","0","0","0","0","0","0",
"DLH250956","X002EXUEU5","B0FSXHKP14","6 Stück Kunststoffknöpfe 23mm, Schwarz Kunsthorn-Optik, 4-Löcher Rund Flach für Mäntel Jacken Strickjacken","New","5.59","No",,"Yes","0","0","0","0","0","99.96","0","0","0","0","0","20","0","0","0","0",
"DLH250957","X002EXUD01","B0FSXBQGWW","10 Stück Kunsthorn Knöpfe, 20 mm Durchmesser, 4-Loch, Schwarz-Braun, Für Jacken, Mäntel & Strickjacken, Nähzubehör","New","7.59","No",,"Yes","4","0","0","2","4","99.96","0","0","0","2","0","20","0","0","0","0",
"DLH250958","X002EY100R","B0FSXJ37FB","20 Stück Knöpfe Vintage Metall Ösen Vintage Antike Metall Blazer Knöpfe Blazer Rund für Mantel, Hemd, Jacke,Uniform (Gold)","New","6.99","No",,"Yes","1","0","0","0","1","99.96","0","0","0","1","0","0","0","0","0","0",
"DLH250959","X002EY6MTB","B0FSWZWCQB","8 Stück Knebelknöpfe Knebelverschluss Knebelknöpfe Kinder Verschluss Beige und Braune Lederknöpfe für Jacke Pullover Mantel Kinderkleidung Mantel Oder Andere Handgefertigte DIY -Kleidung","New","8.49","No",,"Yes","0","0","0","0","39","99.96","19","20","0","0","0","20","0","0","0","0",
"DLH250960","X002EY42T3","B0FSWBC7GB","12 Stück Jeansknöpfe ohne Nähen, 17 mm, Verstellbar, Metall, Silber & Bronze, Für Hosen, Jacken & Taschen, Einfache Montage","New","5.79","No",,"Yes","2","2","0","0","2","99.96","0","0","0","0","0","20","2","0","0","2",
"DLH250961","X002EY0ZGR","B0FSVCMW1S","CVNRCLP Jeans Knöpfe zum Engermachen, 8 Paare Stern Design Hosenbund Clips, Ohne Nähen Verstellbare Abnehmbare Hosenknöpfe für Jeans Hosen Röcke, 4 Farben","New","6.17","No",,"Yes","11","3","0","8","41","99.96","15","15","0","0","0","20","3","0","0","3",
"DLH250962","X002EY7DET","B0FSX6ZQ9T","10 Stück Schwarz Knöpfe mit Stoffüberzug 25mm Satinstoff Bezogen Nähknöpfe Runde Bastelknöpfe Metallschaft Ösenknöpfe Vintage für Mantel Kleidung Jacke Blazer Anzüge DIY","New","4.89","No",,"Yes","10","9","0","1","88","99.96","39","39","0","0","0","20","9","0","0","9",
"DLH250963","X002EY64ZX","B0FSWKK68B","4 Sets Stern Knöpfe Ohne Nähen, Verstellbar, 4 Farben, Für Jeans, Hosen & Röcke, Wiederverwendbar, Taille straffen","New","4.69","No",,"Yes","24","20","0","4","24","99.96","0","0","0","0","0","0","20","0","0","20",
"DLH251101","X002FXOLDP","B0FZH9L8WX","Hundeleine 2.55M Verstellbare Schleppleine mit 2 Karabiner, Verdickte Führleine Doppelleine, Freihandleinen, Übungsleine aus Nylon, Schwarz","New","6.29","No",,"Yes","1","0","1","0","1","759.21","0","0","0","0","0","0","0","0","0","0",
"DLH251102","X002GG6O3B","B0G3F1HB12","CVNRCLP Damen Fischerhut Sonnenhut mit breiter Krempe, Ultraleicht & Faltbar, Atmungsaktiv, Für Strand, Reise & Alltag, Weiß","New","10.79","No",,"Yes","3","3","0","0","49","2719.27","0","46","0","0","0","20","3","0","0","3",
"DLH251103","X002GG6FG7","B0G3F112ZN","CVNRCLP Damen Sonnenhut mit breitem Rand, Faltbarer Sommerhut aus Polyester, Atmungsaktiv, UV-Schutz, Für Strand, Einkauf & Reisen, Schwarz","New","9.69","No",,"Yes","0","0","0","0","55","2242.08","35","20","0","0","0","0","0","0","0","0",
"DLH251104","X002GG0EUZ","B0G3F74TLS","CVNRCLP Seidenschal Damen Ölgemälde Blumenmuster Baum Muster Bunter Künstlerischer Stil Damen Seidenschal Lang Große Schals Leicht Wärmender Halstuch Stola Sonnenschutz Kopftuch Strandtuch","New","8.59","No",,"Yes","0","0","0","0","0","1063.36","0","0","0","0","0","0","0","0","0","0",
"DLH251105","X002GG6G1L","B0G3FD2WG6","CVNRCLP Damen Strickbarett, Einfarbige Wintermütze, Weiche & Warme Baskenmütze für Herbst & Winter, Einheitsgröße 56–58 cm","New","11.19","No",,"Yes","0","0","0","0","0","2312.38","0","0","0","0","0","0","0","0","0","0",
"DLH251106","X002GG4R35","B0G3FHGC3L","CVNRCLP Damen-Strickbarett, Vintage-Damenbaret, einfarmige warme Herbst- und Wintermütze für Damen, Bonnet","New","10.99","No",,"Yes","0","0","0","0","0","5483.44","0","0","0","0","0","0","0","0","0","0",
"DLH251107","X002GG5CHP","B0G3FF9QFF","CVNRCLP Damen-Strickbarett, Vintage-Damenbaret, einfarmige warme Herbst- und Wintermütze für Damen, Bonnet","New","10.19","No",,"Yes","0","0","0","0","0","2325.49","0","0","0","0","0","0","0","0","0","0",
"DLH251108","X002GG385D","B0G3FM3XM7","CVNRCLP Damen Klassisches Französisches Künstlerbasken","New","8.19","No",,"Yes","0","0","0","0","0","4212.62","0","0","0","0","0","7","0","0","0","0",
"DLH251109","X002GG6RJH","B0G3FM8N4B","CVNRCLP Klassische Französische Baskenmütze für Damen, Weiche Polyester Barett, Modischer Winterhut für Herbst und Winter, Hellgrau","New","7.19","No",,"Yes","0","0","0","0","0","99.96","0","0","0","0","0","0","0","0","0","0",
"DLH251110","X002GG115H","B0G3FQXMY9","CVNRCLP Klassische Französische Baskenmütze für Damen, Weiche Polyester Barett, Modischer Winterhut für Herbst und Winter, Khaki","New","7.99","No",,"Yes","0","0","0","0","0","1584.96","0","0","0","0","0","9","0","0","0","0",
"DLH251111","X002GG23EP","B0G3GDN8R9","Wintermütze aus Wolle, Anglermütze, Winterwollmütze, Damen-Wintermütze, warme Eimerhut, Fedora-Filzhut, weiche Damenmütze, einfarbige Freizeitmütze, Filzhut für Damen, Einheitsgröße, Anglermütze für W","New","4.69","No",,"Yes","0","0","0","0","0","99.96","0","0","0","0","0","6","0","0","0","0",
"DLH251113","X002GG555T","B0G3G7W3QT","CVNRCLP Sonnenhut für Damen, gewebter Fischerhut, atmungsaktiver Sonnenhut, Damen-Sonnenhut, Reise-Sonnenhut K-56-58 cm","New","7.19","No",,"Yes","0","0","0","0","0","2175.22","0","0","0","0","0","0","0","0","0","0",
"DLH251114","X002GG5J5P","B0G3GBW5CK","CVNRCLP Newsboy-Mütze 8-Panel Wollmischung schwarz","New","5.79","No",,"Yes","0","0","0","0","0","3403.1","0","0","0","0","0","0","0","0","0","0",
"DLH251115","X002GG3EIJ","B0G3GCSZHW","Lederbesetztes Barett mit Vintage-Metallschnalle, Schirmmütze im Retro-Stil","New","6.59","No",,"Yes","0","0","0","0","0","2245.19","0","0","0","0","0","0","0","0","0","0",
"DLH251116","X002GG1D9L","B0G3GHCRRL","Damen Baskenmütze mit Metall-Herz-Schnalle, Schwarz, Herbst/Winter, Warme Hip-Hop-Mütze, Vintage, Elegante Mütze für Damen und Mädchen, Dekorative Kappe","New","6.99","No",,"Yes","0","0","0","0","0","99.96","0","0","0","0","0","0","0","0","0","0",
"DLH251117","X002GG67UV","B0G3GK5X3H","CVNRCLP Damen Winter Thermomütze Handgefertigte Strick Fischerhut Herbst Winter Geometrisches Muster Dehnbarer Modeaccessoires","New","7.19","No",,"Yes","0","0","0","0","0","3502.73","0","0","0","0","0","0","0","0","0","0",
"DLH251118","X002GG5RKR","B0G3FR7G84","CVNRCLP Damen Französische Baskenmütze, Wintermütze, Wollmütze, Hellgrau","New","7.79","No",,"Yes","0","0","0","0","0","2943.61","0","0","0","0","0","0","0","0","0","0",
"DLH251119","X002GG63N7","B0G3GG7GPG","CVNRCLP Classic solid color knit scarf with fringe detail, double-layer hem, machine washable, shoulder wrap","New","9.59","No",,"Yes","0","0","0","0","0","5137.51","0","0","0","0","0","5","0","0","0","0",
"DLH251120","X002GG3LCN","B0G3GC8J3R","CVNRCLP Eleganter Damenschal, kleiner floraler dicker Schal, warm für Herbst und Winter, zum Fahren, Laufen, Radfahren, Wandern, gestrickt, lang, rot, für Kinder, Mädchen und Frauen, Winterschal","New","7.79","No",,"Yes","0","0","0","0","0","6859.62","0","0","0","0","0","0","0","0","0","0",
"DLH251121","X002GG3001","B0G3GCBHJ6","CVNRCLP Schal Damen Winter Vielseitiger Doppelseitiger Langer Dicker Warmer Schal-03-190 * 65cm","New","10.39","No",,"Yes","0","0","0","0","0","6391.61","0","0","0","0","0","0","0","0","0","0",
"DLH251122","X002GG347Z","B0G3GK46HL","CVNRCLP Damen Winter Schal, vielseitig einsetzbar, hochwertige Qualität, niedlicher Stil, gefütterter Schal, dick, schwarz-weiß, 160 x 15 cm","New","9.19","No",,"Yes","0","0","0","0","0","7494.3","0","0","0","0","0","8","0","0","0","0",
"DLH251123","X002GGAQNF","B0G3GPL175","CVNRCLP Schals & Stolen für Damen, modischer weicher warmer Wintergürtel, weißer schwarzer Schal mit Quaste für Frauen Mädchen, schwarz","New","9.49","No",,"Yes","0","0","0","0","0","3022.43","0","0","0","0","0","0","0","0","0","0",
"DLH251124","X002GG87SL","B0G3GP6XM4","CVNRCLP Damen-Schal mit rotem Hirsch, ein unverzichtbares Stück für Ihre Garderobe bei kaltem Wetter","New","8.99","No",,"Yes","0","0","0","0","0","5685.98","0","0","0","0","0","0","0","0","0","0",
"DLH251125","X002GG7BAL","B0G3GQ17S2","CVNRCLP Damen Herbst Winter Bunter Kariert Dick Wärmender Schal Schal Handschuhe Schal Aufbewahrung","New","9.19","No",,"Yes","0","0","0","0","0","99.96","0","0","0","0","0","0","0","0","0","0",
"DLH251126","X002GG7VKV","B0G3GRQV94","Schal Damen Winter Eleganter Tuchschal Damen Wärmender mittellanger Schal","New","10.59","No",,"Yes","0","0","0","0","0","5631.74","0","0","0","0","0","7","0","0","0","0",
"DLH251127","X002GG0DW9","B0G3DSS95R","CVNRCLP Retro-Karierschal – Warm, Doppelseitiger Schultertuch Für Herbst Und Winter, Weich Und Hautfreundlich, Modisch Und Bequem, Unisex, Khaki-Farbe","New","9.99","No",,"Yes","0","0","0","0","0","5182.25","0","0","0","0","0","9","0","0","0","0",
"DLH251128","X002GG4BJF","B0G3F17YT5","CVNRCLP Winterkaroschals, Lang, Weich Und Warm, Mit Fransen, Für Damen","New","10.19","No",,"Yes","0","0","0","0","0","3404.08","0","0","0","0","0","0","0","0","0","0",
"DLH251129","X002GG5POZ","B0G3F2C5GN","CVNRCLP Winter-Schals und Schultertücher, warme zweifarbige Schals, wendbare Schals, mit Fransen, für Herren und Damen geeignet","New","12.19","No",,"Yes","0","0","0","0","0","99.96","0","0","0","0","0","0","0","0","0","0",
"DLH251130","X002GG6E4Z","B0G3F5KKT3","CVNRCLP Damen-Cape-Schal, Winter-Cardigan, geometrisch farblich gestalteter Schal-Umhang, wärmendes Geschenk, Geschenk für Damen, Geschenk für die Mutter","New","9.89","No",,"Yes","0","0","0","0","0","5459.68","0","0","0","0","0","0","0","0","0","0",
"DLH251131","X002GG62PB","B0G3G5S67B","CVNRCLP Damen-Schal, Multifunktional, Groß, Vielseitig Einsetzbar Als Schal Oder Stola, Wärmend","New","9.79","No",,"Yes","0","0","0","0","0","3082.41","0","0","0","0","0","0","0","0","0","0",
"DLH251132","X002GG2YXP","B0G3G7XM7Y","CVNRCLP Umhangschal, Winterstrickjacke, Elegant, Damen-Schultertuch, Warm","New","9.59","No",,"Yes","0","0","0","0","0","12529.71","0","0","0","0","0","0","0","0","0","0",
"DLH251133","X002GG1AI5","B0G3G9YCQG","CVNRCLP Damen-Winterschals Und Stolen, Warm, Weich Und Hautfreundlich, Geschenk Für Frauen","New","9.99","No",,"Yes","0","0","0","0","0","8005.57","0","0","0","0","0","5","0","0","0","0",
"DLH251136","X002GG23RH","B0G3GG5QQR","CVNRCLP Damen-Winterschals Und -Schultertücher, Geeignet Für Den Winter, Weich, Warm, Modisch Und Bequem","New","10.89","No",,"Yes","0","0","0","0","0","5314.65","0","0","0","0","0","0","0","0","0","0",
"DLH251137","X002GG25W5","B0G3GHBXX2","Roter Schal, Modisch Und Bequem, Warm, Für Männer Und Frauen Geeignet","New","9.59","No",,"Yes","0","0","0","0","0","5055.41","0","0","0","0","0","0","0","0","0","0",
"DLH251140","X002GG3O4N","B0G3GNXXY1","CVNRCLP Wärmender Schal, Weich Auf Der Haut, Modisch Und Bequem, Unisex, Schwarz-grau","New","9.99","No",,"Yes","0","0","0","0","0","5295.81","0","0","0","0","0","0","0","0","0","0",
"DLH251141","X002GG7C4V","B0G3GT95ZT","CVNRCLP Überdimensionaler Karokaschmirschal, Langer Schal, Weicher Umschlagtuch, Großer Karofransenschal, Für Männer Und Frauen Geeignet","New","10.99","No",,"Yes","0","0","0","0","0","5983.24","0","0","0","0","0","0","0","0","0","0",
"DLH251144","X002GG82JF","B0G3GSVFFH","CVNRCLP Weicher Klassischer Karierten Winterschal, Für Damen Und Herren Geeignet, Modisch Und Bequem, Warm","New","9.79","No",,"Yes","0","0","0","0","0","4713.25","0","0","0","0","0","0","0","0","0","0",
"DLH251145","X002GG82RH","B0G3GW6J1J","Weicher Winterschal, Warm, Modisch Und Bequem, Damenschal, Kamelhaarfarbig","New","9.99","No",,"Yes","0","0","0","0","0","1122.84","0","0","0","0","0","6","0","0","0","0",
"DLH251147","X002GG7DI1","B0G3H4BK73","CVNRCLP Damen-Beret, Elegant, Retro, Herbst- Und Winterhut, Leger, Blau","New","7.49","No",,"Yes","0","0","0","0","0","2886.25","0","0","0","0","0","9","0","0","0","0",
"DLH251148","X002GG425N","B0G3H5D85K","CVNRCLP Damen-Baskenmütze mit Metallverschluss, Retro-Elegant, Damendekor-Hut, Schwarz","New","7.19","No",,"Yes","8","8","0","0","8","1877.47","0","0","0","0","0","0","8","0","0","8",
"DLH251149","X002GG8B7X","B0G3H1G1CN","CVNRCLP Damen Schirmmütze Im Zeitungsjungen-Stil, Malermütze, Vintage-elegant Für Frauen","New","7.59","No",,"Yes","0","0","0","0","0","99.96","0","0","0","0","0","0","0","0","0","0",
"DLH251150","X002GG7E3P","B0G3H2QKZV","CVNRCLP Vielseitige Baskenmütze, Damen-Basken-Schiebermütze, Modisch Und Bequem, Schwarz","New","7.99","No",,"Yes","0","0","0","0","0","99.96","0","0","0","0","0","0","0","0","0","0",
"DLH251151","X002GG6UHB","B0G3GZJVXB","CVNRCLP Vielseitige Baskenmütze, Damen-Basken-Schiebermütze, Modisch Und Bequem, Grau","New","8.59","No",,"Yes","0","0","0","0","0","99.96","0","0","0","0","0","0","0","0","0","0",
"DLH260801","X002NVQC6X","B0HDRWTL1Z","CVNRCLP 2 Stück Silikon Trinkaufsatz für Hunde & Katzen, Auslaufsicher & Tragbar, Hunde Wasserflasche für unterwegs, Hund Wasserflasche unterwegs, Passt für Standard-Wasserflaschen, für Spaziergänge","New","14.99","No",,"Yes","0","0","0","0","0","99.96","0","0","0",,"0","0","0","0","0","0",
"DLHSD02","X002EJMWLX","B0FR4H2JXR","5 Stück Weihnachtsbaum Katze Anhänger, Acryl Cartoon Katze Deko Ornamente, 2D Spaß Weihnachten Anhänger Dekoration Weihnachtsbaum Dekoration Weihnachten Dekoration Geschenk","New","3.39","No",,"Yes","0","0","0","0","0","248.92","0","0","0","0","0","0","0","0","0","0",
"RPALHDE001","X002GSW5SR","B0G5J9M216","Toast Schlüsselanhänger lustig, Anhänger Tasche, süßer Bag Charm für Tasche & Rucksack, Abschiedsgeschenk Kollegin, Viel Glück, Glücksbringer Schlüsselanhänger für neuen Job & Kollegen, rente geschenk","New","4.89","No",,"Yes","65","15","0","0","65","99.96","0","0","0","0","0","8","15","0","50","65",
"RPALHDE003","X002GSQRT5","B0G5JHV95C","Sauce Spoon Stainless Steel Set of 2 Gravy Boat Spoons Made of Rustproof 304 Material with Pouring Spout and Hanging Loop Dishwasher Safe for Sauce Soup Kitchen","New","4.79","No",,"Yes","15","15","0","0","15","99.96","0","0","0","0","0","0","15","0","0","15",
"RPALHDE004","X002GVO1TP","B0G64HSG5Z","Pack of 12 Zip Zipper, Metal Fix Zipper, Universal Zipper Pull Fixer Repair Kit, Removable Zip Repair Kit for Clothes, Bed Train, Luggage, Backpacks and Suitcases","New","4.19","No",,"Yes","35","6","0","0","35","99.96","0","0","0","0","0","0","6","0","29","35",
"RPALHDE005","X002GTNZKN","B0G5PMPZSG","CVNRCLP 2 Stück Mini Reise Schmuckbeutel, Faltbarer PU-Leder Organizer, Druckknopfverschluss, Für Ohrringe, Ringe & Halsketten, Beige + Grau","New","5.19","No",,"Yes","1","1","0","0","1","99.96","0","0","0","0","0","8","1","0","0","1",
"RPALHDE008","X002GTS1C5","B0G5Q2C81G","CVNRCLP 2pcs Bird Cage Cleaner with Long Handle, Bird Cage Brush Droppings Removal Tool for Small Animals Parrot Perches Cleaning Accessory","New","6.39","No",,"Yes","0","0","0","0","0","99.96","0","0","0","0","0","0","0","0","0","0",
"RPALHDE009","X002GSQVZP","B0G5JVG2YM","Silver Apple Corer, Apple Cutter, Kitchen Helper, Apple Cutter, Stainless Steel Apple Cutter, Apple Core Cutter, Removes Cores from Apples Pears, Fruit Corer, with Hanging Eyelet, Core Case Stoner","New","3.99","No",,"Yes","0","0","0","0","0","342.65","0","0","0","0","0","0","0","0","0","0",
"RPALHDE011","X002GTME9V","B0G5PRK54Q","6 Stück Bullet Journal Schablonen, 13,5 × 6,1 cm, Flexibel & Wiederverwendbar, Für Planung, Notizen & Kreative Projekte","New","5.19","No",,"Yes","0","0","0","0","0","41.95","0","0","0","0","0","8","0","0","0","0",
"RPALHDE013","X002GTMC7F","B0G5PRV7YW","20 edle Holzknöpfe - Knebelknöpfe oval 40mm x 12mm (4,0cm x 1,2cm) Dunkelbraun Knebel 2 Löcher a 6,0mm je Loch - längliche Knöpfe zum annähen nähen basteln - Jackenknöpfe Mantelknöpfe","New","5.69","No",,"Yes","7","6","0","0","37","99.96","15","15","0","1","0","8","6","0","0","6",
"RPALHDE014","X002GU7CIN","B0G5WRJRTZ","Retro Punk Silver Nail Stickers Self-Adhesive Personalised Graffiti Bow Cherry Heart Moon Star Relief Metallic Irregular Lines Clock Nail Stickers","New","3.99","No",,"Yes","24","22","0","0","64","99.96","20","20","0","2","0","8","22","0","0","22",
"RPALHDE015","X002GU6009","B0G5X44PQB","5 Bögen/110 Stück Farbverlauf Glitter Zehennagelsticker 3D Glanz Gel Nagelfolie für Zehennägel Selbstklebende Nageldesign Kunst","New","5.19","No",,"Yes","104","64","0","0","154","99.96","50","0","0","0","0","8","64","0","40","104",
"RPALHDE016","X002GU6NUB","B0G5WZX8SP","3 Stück Kalender Schablonen Set, PET Kunststoff, Wiederverwendbar, Für Planer, Journaling & Scrapbooking, Präzise Laserschnitt","New","4.59","No",,"Yes","19","19","0","0","19","99.96","0","0","0","0","0","8","19","0","0","19",
"RPALHDE017","X002GSDBJT","B0G5FLQDVT","Case Compatible with Airpods Pro 3 2025, Cute Funny Cartoon Silicone TPU Soft Protective Case Cover with Keyring Included for Boys Girls Men Women - Dark Gray","New","5.39","No",,"Yes","0","0","0","0","0","99.96","0","0","0","0","0","0","0","0","0","0",
"RPALHDE019","X002GU4POH","B0G5WR7G3H","4 Stück Inline Kabelschalter, 250 V / 6 A, 2-polig & 3-polig kompatibel, Schwarz & Weiß, Für Lampen & Haushaltsgeräte, DIY-freundlich","New","5.19","No",,"Yes","20","0","0","0","20","99.96","0","0","0","0","0","8","0","0","20","20",
"RPALHDE020","X002GVQ5FN","B0G64MHLWR","CVNRCLP Camera Protector for iPhone 15 Pro 6.1 Inch and iPhone 15 Pro Max 6.7 Inch, 1:1 Invisible Fit, 9H Tempered Glass Individual Metal Ring Cover, HD Clear, 1 Set","New","5.39","No",,"Yes","0","0","0","0","0","99.96","0","0","0","0","0","0","0","0","0","0",
"RPALHDE022","X002GTS85P","B0G5PWZW2C","CVNRCLP 3pcs Mini Travel Jewelry Bags, Portable & Foldable Small Jewelry Holder Pouch with 12pcs Dust Bags Buckle Design for Women Earring Ring Necklace Organizer Case Supplies","New","7.29","No",,"Yes","15","15","0","0","15","99.96","0","0","0","0","0","0","15","0","0","15",
"RPALHDE023","X002GUAFUP","B0G5X8MCN7","Rechteckiger Malschwamm, Wassersaugend & Wiederverwendbar, Gelb, Für Malerei, Kunsthandwerk & Keramik, Professionell & Hobby","New","5.39","No",,"Yes","0","0","0","0","0","99.96","0","0","0","0","0","0","0","0","0","0",
"RPALHDE025","X002GUC3BT","B0G5XQ4CTV","2er-Pack Kinder-Fußball-Schienbeinschoner, Mini Schienbeinschoner 9.5x6 cm, Schutz für Jungen, Männer, Erwachsene","New","5.99","No",,"Yes","7","7","0","0","27","99.96","0","20","0","0","0","0","7","0","0","7",
"RPALHDE026","X002GVTL7R","B0G654RWBB","Udssr Badge Badge Star Symbol with Hammer & Sickle Design for Clothing Bags Unisex","New","4.79","No",,"Yes","2","1","1","0","82","99.96","40","40","0","0","0","0","1","0","0","1",
"RPALHDE028","X002GUA4L5","B0G5W9XL6Q","CVNRCLP Kameraschutz aus 9H gehärtetem Glas, Mit Aluminiumlegierungsring, Full Coverage, Für 6,3 Zoll Smartphones, Schwarz","New","4.99","No",,"Yes","0","0","0","0","0","99.96","0","0","0","0","0","0","0","0","0","0",
"RPALHDE029","X002GVWLO7","B0G64W2TN2","CVNRCLP Reflektierendes Armband, 360° Sichtbarkeit, Verstellbarer Klettverschluss, Atmungsaktiv, Für Laufen, Radfahren & Outdoor, Leuchtgrün","New","5.39","No",,"Yes","0","0","0","0","0","99.96","0","0","0","0","0","8","0","0","0","0",
"RPALHDE030","X002GU7ELD","B0G5X17K34","3D Toilet Sign, Self Adhesive Toilet Sign, Self Adhesive Toilet Sign, Self Adhesive Toilet Sign, Decorative Door Signs Indoors, Easy to Install","New","6.19","No",,"Yes","0","0","0","0","0","99.96","0","0","0","0","0","8","0","0","0","0",
"RPALHDE031","X002GWEJSR","B0G692NX8N","Apple Pencil Spitzen, passend für Apple Pencil, 4 Stück, geeignet für 2. Generation / 1. Generation/USB-C/Pro Pencil, Hochwertig","New","5.09","No",,"Yes","12","12","0","0","12","99.96","0","0","0","0","0","0","12","0","0","12",
"RPALHDE032","X002GTKYLV","B0G5PWHMJ6","CVNRCLP Kameraschutz aus 9H gehärtetem Glas, Mit Aluminiumring, Für 6,3 & 6,9 Zoll Smartphones, HD Klar, Mit Montagehilfe, Schwarz","New","6.59","No",,"Yes","0","0","0","0","0","99.96","0","0","0","0","0","0","0","0","0","0",
"RPALHDE033","X002GTINB9","B0G5PPPFTW","CVNRCLP Kameraschutz für 6,3 Zoll Smartphones, 9H Gehärtetes Glas mit Metallring, Kratzfest HD Klar Blasenfrei, Schwarz","New","5.59","No",,"Yes","0","0","0","0","0","99.96","0","0","0","0","0","8","0","0","0","0",
"RPALHDE034","X002GTAN0D","B0G5NHD1KQ","CVNRCLP Doppelseitiges Klebeband Extra Stark, 5 m × 25 mm, Schwarz, Wasserfest & Hochtemperaturbeständig, Für Auto, Heim & Büro","New","4.49","No",,"Yes","6","6","0","0","6","99.96","0","0","0","0","0","0","6","0","0","6",
"RPALHDE035","X002GTRW6B","B0G5PQ3NP2","Pack of 4 Car Rubber Door Edge Protectors, Anti-Scratch Decorative Strips, Car Door Edge Protection, Universal Use for Most Vehicles - Durable and Decorative (Schwarz)","New","4.59","No",,"Yes","0","0","0","0","0","99.96","0","0","0","0","0","0","0","0","0","0",
"RPALHDE036","X002GTN49P","B0G5PTR56R","CVNRCLP Nano Sparkle Cloth Car Scratches, Nano Sparkle Cloth for Car, Magic Car Scratch Remover, Scratch Removal Repair, for Repairing Light Scratch Paints, Paint Care, Pack of 4","New","5.69","No",,"Yes","3","3","0","0","63","99.96","30","30","0","0","0","0","3","0","0","3",
"RPALHDE037","X002GTTZIT","B0G5Q6GQV7","2PCS Car Umbrella Holder Clip Hook,Car Boot Umbrella Hook-Space-Saving & Easy Install for Car Seat,Stroller, Wheelchair,Golf Bag,Truck,Boat,SUV Trunk Organiser","New","5.19","No",,"Yes","18","18","0","0","18","99.96","0","0","0","0","0","0","18","0","0","18",
"RPALHDE038","X002GU6QPX","B0G5X4296P","CVNRCLP 4er-Pack TPU Displayschutzfolie für 45 mm Smartwatch, HD Klar Flexibel Kratzfest Blasenfrei, Touchsensitive","New","5.59","No",,"Yes","0","0","0","0","0","99.96","0","0","0","0","0","8","0","0","0","0",
"RPALHDE039","X002GWJOSR","B0G6BT87N6","CVNRCLP Pink Clown Fish Keyring Lovely Childish Design Starfish and Shell Pendant","New","3.19","No",,"Yes","0","0","0","0","0","99.96","0","0","0","0","0","8","0","0","0","0",
"RPALHDE040","X002GST3RN","B0G5KHYW6J","Pack of 2 all-metal flap holders with lock, 0-180° adjustable flap support, flap fitting, lid support, door opening limiter for furniture, cabinets, boxes, ceiling","New","5.39","No",,"Yes","5","5","0","0","5","99.96","0","0","0","0","0","8","5","0","0","5",
"RPALHDE041","X002GSILGR","B0G5H74V9Y","3 Pack Metal Dual Use Stylus Pen (Pink, Sky Blue, Silver)","New","4.09","No",,"Yes","1","0","0","1","1","143.22","0","0","0","0","0","8","0","0","0","0",
"RPALHDE043","X002GU5HS5","B0G5WSYMPN","2 Stück Selbstreinigende Haustierbürste, Mit langen & kurzen Borsten, Für Katzen & Hunde, Einfache Fellpflege, Grün & Gelb","New","4.39","No",,"Yes","6","0","0","6","6","99.96","0","0","0","0","0","0","0","0","0","0",
"RPALHDE044","X002GWMX35","B0G6B5DFCC","60 Traktor-Aufkleber-Set Traktor Kinderaufkleber Cartoon wasserdicht Geeignet für Auto, Notizbuch, Scrapbook, DIY, Koffer, Skateboard, Helm Geschenk","New","4.79","No",,"Yes","1","0","0","0","1","99.96","0","0","0","1","0","0","0","0","0","0",
"RPALHDE045","X002GTQRAD","B0G5PLRWZJ","CVNRCLP Personalised Coffee Bean Keyring for Women, Cute, Creative and Stylish Backpack Pendant, Ideal as a Birthday Gift, Gift for Boyfriend and Girlfriend","New","4.59","No",,"Yes","4","3","0","1","64","99.96","15","45","0","0","0","0","3","0","0","3",
"RPALHDE046","X002GT02F9","B0G5K915YX","Wiederverwendbarer Weißer Jumbo-Reispaddel-Löffel – Großes Kunststoff-Servierbesteck für Reis & Kartoffeln, 25 cm","New","5.59","No",,"Yes","20","20","0","0","45","307.09","0","25","0","0","0","0","20","0","0","20",
"RPALHDE048","X002GTUU6Z","B0G5PKFTH2","3 Pack Haftnotizen, 540 Blatt Katzen Haftnotizen, Süße Tierförmige Klebezettel, Kawaii Notizzettel, Selbstklebende Seitenmarker, Für Büro Schule Zuhause, Ideal Für Kinder Studenten","New","4.99","No",,"Yes","36","32","0","0","36","99.96","0","0","0","0","0","8","32","0","4","36",
"RPALHDE049","X002GTXXRX","B0G5WXXSB6","COMVASTARS® 2 Stück Verlängerungskabel Dünnes Transparent 3M, Eurostecker Verlängerung Kabel Transparent 2-Adrig, Anschlusskabel mit Stecker transparent für Led-Laternen und Den Außenbereich","New","7.59","No",,"Yes","16","16","0","0","46","99.96","0","30","0","0","0","0","16","0","0","16",
"RPALHDE050","X002GTSKYT","B0G5PPWFQ1","CVNRCLP Black Volcanic Stone Keyring Carabiner Key Ring Beads with Tassels Rope Bag Pendant Women's Car Key Ring Mobile Phone Pendant Backpack Pendant School Bag Charms","New","4.39","No",,"Yes","0","0","0","0","0","99.96","0","0","0","0","0","0","0","0","0","0",
"RPALHDE051","X002GWQUVL","B0G6BL1NTG","CVNRCLP Y2K Schlüsselanhänger, Würfelanhänger mit Billardkugel Nr. 8, ästhetisches Accessoire, niedliches Taschen- und Handtaschenzubehör, für Männer und Frauen geeignet","New","4.39","No",,"Yes","49","48","0","0","49","95.7","0","0","0","0","0","8","48","0","1","49",
"RPALHDE052","X002GWP3QJ","B0G6BPMMLL","CVNRCLP 2 Paar Flache Organza Schnürsenkel, Transparentes Tüll mit Leopardenmuster, Für Sneaker, Turnschuhe & Freizeitschuhe, Für Erwachsene","New","5.19","No",,"Yes","4","0","0","4","4","99.96","0","0","0","0","0","0","0","0","0","0",
"RPALHDE053","X002GTUE0R","B0G5PP8T8N","CVNRCLP Basketball Keyring, Lucky Charm Gift for Boys, Basketball Gift for Players, Perfect for Christmas and Birthday","New","4.19","No",,"Yes","0","0","0","0","0","99.96","0","0","0","0","0","0","0","0","0","0",
"RPALHDE054","X002GT2V0D","B0G5L53JBB","4 Piece PCB Battery Holder Suitable for CR2430 Button Batteries","New","5.39","No",,"Yes","20","0","0","0","20","99.96","0","0","0","0","0","0","0","0","20","20",
"RPALHDE055","X002GTLP3R","B0G5PYCW69","CVNRCLP Fish Key Ring, Gift for Fishing Lovers, Key Ring Fishing with Engraving, Fish Pendant for Men Women, Gifts for Women for Birthday, Valentine's Day, Christmas","New","3.59","No",,"Yes","23","3","0","0","23","99.96","0","0","0","0","0","0","3","0","20","23",
"RPALHDE056","X002GU5KIR","B0G5X6SG8X","Hey.You Dropped This Pins Pin Metal Pins For Bags Funny Personalised Pin for Clothes Bags Backpacks","New","3.79","No",,"Yes","1","1","0","0","1","99.96","0","0","0","0","0","8","1","0","0","1",
"RPALHDE057","X002GT286P","B0G5KT4FVC","Pack of 12 Drinks Can Openers, Plastic Can Opener for Cola, Can Stopper, Drink Cans Closure, Simple Can Opener (5 x 3.4 cm)","New","5.09","No",,"Yes","34","4","0","0","34","99.96","0","0","0","0","0","8","4","0","30","34",
"RPALHDE058","X002GWG3KJ","B0G6BGYBKZ","CVNRCLP Kristall Schlüsselanhänger, Handgefertigter Edelstein Taschenanhänger, Mit Geschenkkarte, Für Schlüssel, Taschen & Autoschlüssel, Rosa","New","3.19","No",,"Yes","0","0","0","0","0","51.13","0","0","0","0","0","0","0","0","0","0",
"RPALHDE059","X002GTM1S5","B0G5P9PXZQ","CVNRCLP Plüsch Kirsche Taschenanhänger, Rot, Weich & Robust, Für Handtaschen, Rucksäcke & Schlüssel, Verspielter Style für Erwachsene","New","4.49","No",,"Yes","0","0","0","0","40","99.96","20","20","0","0","0","0","0","0","0","0",
"RPALHDE060","X002GTIFNP","B0G5PLN89X","Pack of 2 Flat Bum Bag, Travel Bum Bag, Theft-Proof Waterproof Flat Waist Bags, Money Belt with RFID Blocker, Anti-Theft, Festival Bumbag for Men and Women, Wearable Under Clothing","New","6.99","No",,"Yes","20","20","0","0","70","1728.51","10","40","0","0","0","0","20","0","0","20",
"RPALHDE061","X002GTKO7P","B0G5PVN9WJ","CVNRCLP Verstellbare Fliege Mintgrün, 12 × 6 cm, Hochwertiger Stoff, Für Hochzeiten, Partys, Bälle & Geschäftliche Anlässe, Für Erwachsene","New","7.09","No",,"Yes","32","2","0","0","192","99.96","40","120","0","0","0","0","2","0","30","32",
"RPALHDE062","X002GTL8H5","B0G5PZ2PYF","CVNRCLP Jelly Balloon Dog Schlüsselanhänger Frauen Geschenk Mädchen – Niedlicher Balloon Dog Anhänger, Tasche & Rucksack Charms (Schwarz)","New","7.39","No",,"Yes","18","18","0","0","18","99.96","0","0","0","0","0","0","18","0","0","18",
"RPALHDE064","X002GWNGDB","B0G6BT8L9D","2 Stück Geodreieck Set mit Griff, 15,7 cm & 22,6 cm, Bruchsicher & Flexibel, Für technische Zeichnungen & Geometrie, Weiß","New","4.79","No",,"Yes","0","0","0","0","0","99.96","0","0","0","0","0","0","0","0","0","0",
"RPALHDE065","X002GSW83J","B0G5HX1DR8","5 Stück Trennblätter A5 6 Loch, Trennblätter A5 für Ringbücher 5 Farben Ordner Ringbucheinlagen Ringbuch Register Planer Ordner Register für Loseblatt Notizbuch Personal Organizer","New","6.79","No",,"Yes","9","9","0","0","9","232.2","0","0","0","0","0","0","9","0","0","9",
"RPALHDE066","X002GWNDOD","B0G6BC1BN5","CVNRCLP Saugnapf-haken-clip-halter 5 Stück Saugnapf Mit Klemmen Für Aquarium Haken Clip Halter Parkscheinhalter Multifunktions-clip Für Glaswand Für Bad Büro Küche ﻿","New","7.09","No",,"Yes","56","55","0","0","56","99.96","0","0","0","0","0","8","55","0","1","56",
"RPALHDE067","X002GSW89N","B0G5HPM4Z1","Ausweishülle mit Band, Busfahrkarten Hülle Schüler, Einziehbare Badge Reel, Hals Lanyard Strap, für Lehrer, Büroangestellte, Student Geschenke (Capybara)","New","5.99","No",,"Yes","34","4","0","0","34","319.22","0","0","0","0","0","0","4","0","30","34",
"RPALHDE069","X002GTL88T","B0G5PRHZDP","CVNRCLP Schlüsselanhänger mit Kunstperlen, Weiß, Elegantes Design, Für Schlüssel, Taschen & Rucksäcke, Für Damen","New","3.19","No",,"Yes","16","16","0","0","16","99.96","0","0","0","0","0","8","16","0","0","16",
"RPALHDE070","X002GTCWXJ","B0G5PTFSN3","CVNRCLP Katzen Schlüsselanhänger aus Edelstahl, Schwarz-Weiß Design, Inklusive Geschenkbox, Für Schlüssel, Taschen & Autos, Für Erwachsene","New","4.49","No",,"Yes","34","34","0","0","34","99.96","0","0","0","0","0","0","34","0","0","34",
"RPALHDE071","X002GSZBV5","B0G5LTS8YH","CVNRCLP 2pcs Tennis SchlüSselanhäNger Tennis Geschenke, Tennisball SchlüSselanhäNgers, Taschen AnhäNger, Handball SchlüSselanhäNger MäNner, Tennis ZubehöR Herren, Leichtathletik Geschenke","New","4.69","No",,"Yes","13","13","0","0","13","99.96","0","0","0","0","0","8","13","0","0","13",
"RPALHDE073","X002GTUE5R","B0G5PZSDZV","CVNRCLP 14 Stück Charms, Anstecker Farbiger Diamond, Schuhanstecker Pins Ketten, Kleiner Bär Stecker Set für Mädchen, Jungen, Frauen, Kinder DIY Schuh","New","5.89","No",,"Yes","71","18","1","0","71","292.02","0","0","0","1","0","8","18","0","51","69",
"RPALHDE075","X002GTLGO5","B0G5PHGB6Z","- Schlüsselanhänger Medical Bag - Roter Bestickter Gepäckanhänger Kofferanhänger - Notfalltasche Erste Hilfe Tasche Medizinischer Rucksack - Outdoor Wandern SOS Notfall Schlüsselbund Tag","New","6.39","No",,"Yes","11","10","0","1","41","99.96","0","30","0","0","0","8","10","0","0","10",
"RPALHDE076","X002GTJ1EH","B0G5P83N5D","CVNRCLP 2 Paar Katzen-Socken mit 3D-Effekt, Weiche Baumwollsocken für Erwachsene, Schwarz & Weiß, Bequem & Atmungsaktiv, Ideal für Alltag & Geschenke","New","5.79","No",,"Yes","0","0","0","0","0","99.96","0","0","0","0","0","0","0","0","0","0",
"RPALHDE080","X002GTE8I1","B0G5PGYY5H","Silikon Hülle für Tags Anhänger Grün 3,5x10cm Kratzfest Stoßfest Kompatibel Tag Waschbar Geeignet für Kinder Haustiere Gepäck Schlüsselanhänger und Taschen","New","4.99","No",,"Yes","7","7","0","0","7","99.96","0","0","0","0","0","8","7","0","0","7",
"RPALHDE081","X002GTE6ND","B0G5PMVLP3","CVNRCLP Cowboy-Schlüsselanhänger, Schwarzer Cowboystiefel und Hut Design, Metall Schlüsselanhänger für Schlüssel, Taschen und Rucksäcke","New","3.19","No",,"Yes","0","0","0","0","0","99.96","0","0","0","0","0","8","0","0","0","0",
"RPALHDE083","X002GTJY71","B0G5P9FK7J","CVNRCLP Süßer Kirsch Bag Charm Damen, Taschenanhänger mit Eleganter Schleife für Handtasche Rucksack Autoschlüssel, Modisches Accessoire Schlüsselanhänger Damen Geburtstag Geschenk oder Alltag","New","5.29","No",,"Yes","19","19","0","0","19","99.96","0","0","0","0","0","8","19","0","0","19",
"RPALHDE085","X002GU8JCL","B0G5WFHS9L","2× VW Golf 7 Zubehör Schlüsselgehäuse 3 Tasten Gummi Ersatz Schlüsselhülle Cover Auto Golf 7 Polo Golf VII MQB Schlüsselanhänger Ersatz Funkschlüssel","New","5.39","No",,"Yes","24","24","0","0","24","99.96","0","0","0","0","0","0","24","0","0","24",
"RPALHDE087","X002GTHM1V","B0G5PRBF9G","2 Stück Gummi Pedalauflagen für Brems- & Kupplungspedal, Rutschfest, Langlebig, Einfache Montage, Verbessert Fahrsicherheit, Schwarz","New","6.79","No",,"Yes","1","1","0","0","51","99.96","30","20","0","0","0","0","1","0","0","1",
"RPALHDE088","X002GWG2SR","B0G5PT56L9","Haargummis für Damen, 100% Seide, Pferdeschwanz-Haargummis aus Seide, wiederverwendbare Verpackung, Adriatikblau","New","4.99","No",,"Yes","24","24","0","0","24","99.96","0","0","0","0","0","0","24","0","0","24",
"RPALHDE089","X002GWOP09","B0G68XQ9CW","CVNRCLP Universelle Thermo Handyhülle aus Daunen, Wasserabweisend, Schützt vor Kälte & Hitze, Für alle Smartphones bis 6,7 Zoll, Grün","New","5.99","No",,"Yes","41","40","0","1","151","99.96","20","90","0","0","0","0","40","0","0","40",
"RPALHDE091","X002GTGLIV","B0G5PTBS7Q","CVNRCLP Lkw Schlüsselanhänger aus Edelstahl, Silber, Truck Design, Für Autoschlüssel, Taschen & Rucksäcke, Praktisches Geschenk für Fahrer","New","4.99","No",,"Yes","26","24","0","2","47","99.96","20","0","1","0","0","0","24","0","0","24",
"RPALHDE093","X002GTFK8N","B0G5NZJNTR","CVNRCLP Totenkopf Münze Schlüsselanhänger aus Edelstahl, Silber, Piraten Design, Für Schlüssel, Taschen & Autos, Für Erwachsene","New","4.69","No",,"Yes","7","6","0","1","17","99.96","10","0","0","0","0","0","6","0","0","6",
"RPALHDE094","X002GTLK41","B0G5PQJRCM","2 Stück Leopardenmuster Scrunchies Haargummis, Weiche & Elastische Baumwollmischung, Für Damen, Dunkel & Hell Leo Design","New","4.19","No",,"Yes","13","12","0","1","13","99.96","0","0","0","0","0","8","12","0","0","12",
"RPALHDE095","X002GWI4UB","B0G6BPN972","2 Stück Braun Leopard Scrunchies,Leopardenmuster Haargummi,Leopardenmuster für Damen,Groß Leo Elastisch Haarband,Scrunchies Ohne Haarbruch,Stoff Haargummis,für Mädchen Dickes Haar Und Dünnes Haare","New","4.89","No",,"Yes","35","33","1","1","35","99.96","0","0","0","0","0","8","33","0","0","33",
"RPALHDE096","X002GVUM7Z","B0G64KNB63","CVNRCLP Tactical Lanyard,Schlüsselband Paracord Elastische Spiralkabel mit Karabiner,Spiral Schlüsselanhänger RSG Halterung Polizei Ausrüstung Schlüsselhalter Gürtel","New","5.49","No",,"Yes","21","21","0","0","21","228.6","0","0","0","0","0","0","21","0","0","21",
"RPALHDE098","X002GVRHB9","B0G64HCNKM","2 Stück Texture Comb, Textur Styling Kamm, Volumizing Wide-Tooth Hair Styling Comb, Lockenkamm für Männer und Frauen, Kamm Männer Haaransatz-Volumen-Werkzeug Zum Abdecken Von Pony, Nahtpflege","New","5.39","No",,"Yes","28","28","0","0","28","889.82","0","0","0","0","0","0","28","0","0","28",
"RPALHDE099","X002GTBF2X","B0G5PFBPXP","2 Stück Textur Kamm Volumen Kamm Mit Styling Zahnkamm Für Pflege Volumen Für Die Haarwurzeln Mit Ponyansatz Pflegen,Lifting Haarwurzeln Haarbürste für Männer und Frauen","New","4.39","No",,"Yes","22","20","1","1","22","818.37","0","0","0","0","0","8","20","0","0","20",
"RPALHDE100","X002GVVVA7","B0G64VCGCM","50 Blatt 3D Hunde Origami Set, Realistische Fellmuster, Hochwertiges Origamipapier, Für Bastelprojekte & Tischdekoration, Für Erwachsene Anfänger","New","5.79","No",,"Yes","0","0","0","0","0","99.96","0","0","0","0","0","0","0","0","0","0",
"RPALHDE101","X002H1G3TZ","B0G7YFHQJG","CVNRCLP Baseball Schlüsselanhänger aus Metall, Bunt, Sportliches Design, Für Autoschlüssel, Taschen & Sporttaschen, Für Erwachsene","New","3.49","No",,"Yes","6","6","0","0","6","99.96","0","0","0","0","0","8","6","0","0","6",
"RPALHDE102","X002HA9B31","B0GCVFG11M","CVNRCLP Badezimmer Deko Bilder Poster, Witziges Motiv eines kleinen Otters mit Toilettenpapier in der Hand – Ohne Rahmen, Maße 20 x 30 cm","New","7.99","No",,"Yes","25","25","0","0","25","152.89","0","0","0","0","0","8","25","0","0","25",
"RPALHDE103","X002HA9S2Z","B0GCVFNNHM","CVNRCLP wasserdichte PU Lederschürze Herren, Schwerlast Schürze Für Kochen, Friseur, Gartenarbeit, Autopflege, Tierpflege, Küchenschürze Schwarz 108 cm","New","6.69","No",,"Yes","1","0","0","0","71","1031.24","20","50","0","1","0","8","0","0","0","0",
"RPALHDE104","X002HA0O4B","B0GCRNW39T","CVNRCLP 1 Pair Of Leopard Print Flat Shoelaces, Suitable For Sports Shoes, Running Shoes, Training Shoes, And Casual Shoes, Tear-Resistant Replacement Shoelaces","New","4.29","No",,"Yes","0","0","0","0","0","160.43","0","0","0","0","0","8","0","0","0","0",
"RPALHDE105","X002H9YNM1","B0GCRF2JFV","120 Dots Collar Stays for Shirts Collar Stays for Men Shirt Collar Attachment Patches Self-Adhesive Polo Collar Fixed Dots","New","4.89","No",,"Yes","23","3","0","0","53","99.96","0","30","0","0","0","8","3","0","20","23",
"RPALHDE106","X002H30ZJH","B0G8RPDW4T","CVNRCLP 1 Paare Schnürsenkel Olivgrün 100% Baumwolle - Sneaker Schnuersenkel Flach, 8 mm Breite Flat Sneaker Shoelace, Ersatz Schuhbänder für Turnschuhe Länge 120 cm","New","4.19","No",,"Yes","44","14","0","1","44","99.96","0","0","0","0","0","0","14","0","29","43",
"RPALHDE107","X002HA58E7","B0GCVW644S","3 Stück Automatische Lesezeichen, Weiche Silikon Lesezeichen mit Clip, Anti-Rutsch, Für Bücher & Zeitschriften, Weinrot, Blau, Gelb","New","6.39","No",,"Yes","30","29","0","1","30","99.96","0","0","0","0","0","8","29","0","0","29",
"RPALHDE108","X002H084RP","B0G75QR7WX","6PCS 3D-Drucker Silikon-Düsenbürste für Bambu Lab A1, 3D-Drucker Hotend-Düsenbürste Ersatz-Kit Cleaner Tool von 3D-Drucker Teile & Zubehör (nicht für Bambu A1 Mini)","New","4.09","No",,"Yes","0","0","0","0","0","99.96","0","0","0","0","0","0","0","0","0","0",
"RPALHDE109","X002HA9AUF","B0GCV4QH99","2 Pack Anti Blaues Fake Brille, Blue Light Glasses, Qualität Runde Rahmen Blaulicht Brille, Leichtes Gewicht Klare Blaulichtfilter Brille Damen Männer für Computer-Lesebrillen (Transparent, schwarz)","New","5.89","No",,"Yes","7","6","0","1","7","99.96","0","0","0","0","0","8","6","0","0","6",
"RPALHDE110","X002H1Q2KZ","B0G7Z6V4QY","CVNRCLP 2 Stück Rote Schleife Schlüsselanhänger, Acryl & Legierung Taschenanhänger, Süßes Design für Schlüssel, Handtaschen & Rucksäcke, Damen Accessoire","New","4.59","No",,"Yes","28","28","0","0","28","99.96","0","0","0","0","0","0","28","0","0","28",
"RPALHDE111","X002H1P55N","B0G7YNWRYV","Kekse Haarnadeln Mini Gefälschte Kekse Haarspangen Cartoon Haarschmuck Kreative Haarspange Für Frauen (4pcs)","New","6.59","No",,"Yes","33","33","0","0","63","99.96","30","0","0","0","0","0","33","0","0","33",
"RPALHDE112","X002H0CIYP","B0G7521FQB","Griffbrett Dämpfer Bundwickel Fretwrap Reduzieren Geräuschdämpfer 200 mm Passend für 6-saitige 7-saitige E-Gitarre, Konzertgitarre, Bass, saiten konzertgitarre, bass saiten, e-gitarren saiten","New","5.89","No",,"Yes","13","13","0","0","58","99.96","30","15","0","0","0","7","13","0","0","13",
"RPALHDE113","X002H33T8V","B0G8MCRTG6","2 Stück Transparente Autoschlüssel Hülle, 3-Tasten Schlüssel Cover aus TPU, Schutzhülle gegen Kratzer, Stöße und Abnutzung","New","5.49","No",,"Yes","0","0","0","0","0","99.96","0","0","0","0","0","8","0","0","0","0",
"RPALHDE114","X002H32TQT","B0G8M7XHX4","CVNRCLP Schwarze Samt Fliege für Herren, Vorgebunden & Verstellbar, Luxuriöses Design, Für Hochzeiten, Partys & Geschäftliche Anlässe","New","4.39","No",,"Yes","2","0","0","2","2","99.96","0","0","0","0","0","8","0","0","0","0",
"RPALHDE116","X002HA97IF","B0GCVL3D88","10-Stück Deutschland Flaggen Anstecker,Nationale Abzeichen Badge,Deutsche Flagge Pin,Kleine Flaggenknopfnadeln,Deutschland Nationalflagge Metall Brosche,Deutschland Anstecknadel aus Metall und Emaille","New","6.69","No",,"Yes","52","23","0","0","52","99.96","0","0","0","0","0","0","23","0","29","52",
"RPALHDE117","X002H339W7","B0G8MKL8ST","2 Stück Duschrinne Hebehaken Edelstahl, Bodenablaufhaken Abflussgitter-Abzieher Abflussschlüssel, Hebehaken Für Küche Bad Duschrinne Und Bodenablaufgitter","New","6.39","No",,"Yes","30","30","0","0","30","99.96","0","0","0","0","0","8","30","0","0","30",
"RPALHDE118","X002H34CS7","B0G8MCSYCP","53.5mm Kaffee Filterkorb Sieb, 2 Tassen Druckloser Filterkorb für Siebträger 53.5mm","New","7.99","No",,"Yes","23","23","0","0","43","99.96","20","0","0","0","0","0","23","0","0","23",
"RPALHDE119","X002H31BEF","B0G8MSR5RC","24 Pcs Press on Nails Gold, Press on Nails Almond, Kunstlich Fingernagel Kurz, Künstliche Nägel, Klebenägel Fingernägel, Fake Nails, Press ons Kunstnägel Set","New","5.99","No",,"Yes","20","19","0","0","60","99.96","20","20","0","1","0","0","19","0","0","19",
"RPALHDE120","X002H34OXP","B0G8MTL9WP","2 Stück Reflektierende Kreuz Aufnäher, Klettverschluss, 11×5 cm, Für Rucksäcke, Jacken & Helme, Erhöhte Sichtbarkeit bei Nacht","New","5.19","No",,"Yes","17","17","0","0","17","99.96","0","0","0","0","0","0","17","0","0","17",
"RPALHDE121","X002H353D5","B0G8MK8JFJ","CVNRCLP 2 Stück 15 cm Wasserdicht Große Runde Augen DIY Handgemachte Augen Selbstklebende Augen Plastik Augen Aufkleber Große Bewegliche Flexible Augen für Dekoration DIY Projekte Puppen","New","7.49","No",,"Yes","25","24","0","1","25","656.63","0","0","0","0","0","8","24","0","0","24",
"RPALHDE122","X002H37JXH","B0G8T7BMYY","CVNRCLP Runder Buchstaben Schlüsselanhänger mit Herz Charm, Edelstahl Initialen Anhänger Q, Silber Schlüsselanhänger für Schlüssel und Taschen","New","3.19","No",,"Yes","0","0","0","0","0","99.96","0","0","0","0","0","0","0","0","0","0",
"RPALHDE123","X002H38AZN","B0G8VFN878","CVNRCLP Cute Ballon Dog Schlüsselanhänger, Vollgold, Modischer Taschenanhänger für Rucksäcke, Taschen & Handtaschen, Ästhetisches Charm Accessoire","New","3.49","No",,"Yes","8","8","0","0","8","99.96","0","0","0","0","0","8","8","0","0","8",
"RPALHDE125","X002H0DBSH","B0G761VCBH","CVNRCLP 16 Stück Schuhanstecker, Süße Pfirsichblüte Schuh Charms, Harz DIY Schuhdekoration, Für Clogs, Sandalen & Taschen, Mehrfarbig","New","4.59","No",,"Yes","0","0","0","0","0","99.96","0","0","0","0","0","0","0","0","0","0",
"RPALHDE126","X002HA1Q4D","B0GCRXVBXR","CVNRCLP Keyring with Letter, Butterfly Pendant, Tassel Sequins, Women Keyring Gift, Girls Birthday Gift, Purple","New","4.28","No",,"Yes","32","32","0","0","48","99.96","16","0","0","0","0","0","32","0","0","32",
"RPALHDE127","X002H0DCNV","B0G768SLVP","CVNRCLP Handykette Kunstperlen Kurz, Universal Handyanhänger Kunstperlen aus Glas, Handyband Phone Charm Handy Anhänger Handschlaufe Schlüsselband, Gold","New","8.99","No",,"Yes","17","17","0","0","17","99.96","0","0","0","0","0","8","17","0","0","17",
"RPALHDE129","X002H34X77","B0G8MH1HPH","CVNRCLP 18 Stück Schuhanstecker, Süße Sakura Schuh Charms, Harz DIY Schuhdekoration, Für Clogs, Sandalen & Taschen, Mehrfarbig","New","5.09","No",,"Yes","21","21","0","0","21","261.05","0","0","0","0","0","0","21","0","0","21",
"RPALHDE130","X002H1NWRB","B0G81YNZ1R","CVNRCLP Schlüsselbund Hantel Fitness Charm Schlüsselanhänger Dummbellanhänger Coach Souvenir Geschenke für Frauen","New","3.39","No",,"Yes","14","14","0","0","14","99.96","0","0","0","0","0","8","14","0","0","14",
"RPALHDE132","X002HA205R","B0GCSCW68H","Türkises Glas Auge Anhänger, 4 cm Handgefertigter Wandbehang, Dekoration für Auto, Zuhause & Taschen, Türkisches Design","New","5.49","No",,"Yes","21","16","0","2","71","99.96","10","40","0","0","0","0","16","0","3","19",
"RPALHDE133","X002HA2E4J","B0GCRZ3TMP","2stücke Fingerbefeuchter Für Geldzählung Feuchter Schwamm Für Effizientes Bargeldhandling Im Büro Bank Und Zuhause Transparent","New","7.69","No",,"Yes","53","52","0","1","53","99.96","0","0","0","0","0","8","52","0","0","52",
"RPALHDE134","X002H2PRV9","B0G8JRMF1V","CVNRCLP 2er-Set Leder Schlüsselanhänger, Schwarz, Robustes Metall-Schlüsselband für Auto, Motorrad, Fahrrad, Haus & Büro, Praktisches Geschenk für Männer & Frauen","New","5.19","No",,"Yes","8","8","0","0","8","99.96","0","0","0","0","0","0","8","0","0","8",
"RPALHDE135","X002HA1ZHL","B0GCSRPFYW","2Stücke Dekorative Sicherheitsnadeln für Kleidung Langlebiger Exposition Clips für Röcke Hosen Elegantes Design Gold","New","7.99","No",,"Yes","33","33","0","0","73","85.38","0","40","0","0","0","8","33","0","0","33",
"RPALHDE137","X002H9TFH9","B0GCRYBMZV","CVNRCLP Fliege für Jungen Herren, Längenverstellbar Fliege Klassische, für Party, Karneval, Hochzeit (Rot)","New","3.99","No",,"Yes","31","31","0","0","31","99.96","0","0","0","0","0","8","31","0","0","31",
"RPALHDE138","X002HAB6VL","B0GCVRVKT7","3 Stück Vintage Pullover Clips, Damen und Mädchen für Golden Silber and black Schal-Schnalle Kleider Clips Blusen Clips Broschen Kleider & Hose","New","5.19","No",,"Yes","11","11","0","0","11","99.96","0","0","0","0","0","8","11","0","0","11",
"RPALHDE139","X002HA25UR","B0GCRWTH27","3 Pack Drain Cleaner Spiral, Reusable Pipe Cleaning Spiral, 64 cm Drain Cleaner Sticks, Drain Cleaning Hooks for Bathtub, Sewage Channels, Sink","New","6.79","No",,"Yes","49","6","1","2","108","4524.96","30","29","0","0","0","8","6","0","40","46",
"RPALHDE140","X002H3HM3T","B0G8YM9911","2 Stück Wand-Flansch-Öffnung, 33 mm, 86 x 86 mm, ABS, selbstklebend, quadratisch, zum Abdecken von Löchern für elektrische Drähte, Armaturen, Rohrwandabdeckungen","New","6.19","No",,"Yes","0","0","0","0","0","99.96","0","0","0","0","0","8","0","0","0","0",
"RPALHDE141","X002H22O6P","B0G82QCB1M","3PCS A1 Heatbed Nozzle Wiper, 3D Printer Accessories 3PCS Silicone Nozzle Wiper Kit for Bambu Lab A1 3D Printer","New","4.09","No",,"Yes","6","6","0","0","6","202.22","0","0","0","0","0","8","6","0","0","6",
"RPALHDE143","X002HA42L7","B0GCVD5NQK","CVNRCLP Smartphone-Schutzgehäuse, Universelle Handytasche aus Tauchstoff, Zubehörbeutel für Handys 6,0 bis 6,9 Zoll, Wasserdicht und Stoßdämpfend, 10,5 x 18,5 cm","New","5.99","No",,"Yes","40","20","0","0","60","173.7","20","0","0","0","0","0","20","0","20","40",
"RPALHDE144","X002H2T08Z","B0G8JW7SRN","2 Paare oberarm bandage Kompression Arm Ärmel Lymphödem Armwärmer Former Armstulpen Armstrumpf Armmanschette Kompressionsmanschette für Ellbogen Arm Sleeve lipödem stulpen ellbogen bandage","New","7.79","No",,"Yes","2","1","0","1","111","485.38","30","79","0","0","0","8","1","0","0","1",
"RPALHDE145","X002H2VLE1","B0G8KPP9X9","1 Stück W10112253 Gelb Zahnräder Ersatz Kompatibel mit Kitchenaid Mixer,Küchenmaschine Getriebe Ersatzteile,Schneckengetriebe Zubehör,für 5KSM150 5KSM45 5KSM90 5KSM125 5KSM175 5KSM185 5KSM156 5K45SS","New","7.29","No",,"Yes","29","29","0","0","29","99.96","0","0","0","0","0","10","29","0","0","29",
"RPALHDE147","X002H9YO75","B0GCS7Z8C4","CVNRCLP 2 Paar Ärmelhalter Verstellbar, Ärmeln Sleeve Holders mit Rutschfesten Verschlussclips Ärmelhalter Damen Herren Hemdärmel Fixierung Stretch Nylon Universal Größe zum Ixieren von Langen Ärmeln","New","5.99","No",,"Yes","17","17","0","0","17","225.65","0","0","0","0","0","8","17","0","0","17",
"RPALHDE148","X002H2DU3L","B0G8FSVJ1Q","CVNRCLP Chicken Leg Socks Hühnerbeine Socken, Lustige Socken, Witzige Geschenke, Unisex Hühnersocken für Damen und Männer, Paw Socks, Funny Kostüme, Schwarz-Gelb/Schwarz-Rosa/Weiß-Gelb","New","6.19","No",,"Yes","28","28","0","0","28","99.96","0","0","0","0","0","0","28","0","0","28",
"RPALHDE151","X002H245Y9","B0G84QPRKW","Polieraufsatz Polierscheibe 125mm Kompatibel, 4 Stück Lammwolle Polierscheiben 125 mm, Waschbare Polierpads mit Klett für Auto, Holz, Scheinwerfer, Korkböden","New","7.79","No",,"Yes","23","23","0","0","23","1486.14","0","0","0","0","0","8","23","0","0","23",
"RPALHDE152","X002H21GK5","B0G84CT5LX","Dänischer Schneebesen aus Dänischer Teigbesen für Brotteig,Kuchen und Eier-Teigrührer und Teigbesen im niederländischen Stil-Perfektes Küchenbackwerkzeug für Brotherstellung und Backzubehör","New","7.39","No",,"Yes","42","41","0","1","72","721.03","30","0","0","0","0","8","41","0","0","41",
"RPALHDE153","X002H23847","B0G83S3R4G","CVNRCLP BNC Stecker Lötlose Steckverbinder Schraube Anschlussblock Adapter Video 2 Polig Balun Steckverbinder für CCTV Überwachungskamera DVR TV Video-5pcs (BNC Stecker)","New","6.79","No",,"Yes","85","15","0","0","85","99.96","0","0","0","0","0","0","15","0","70","85",
"RPALHDE154","X002H3A52T","B0G8SM6CW3","CVNRCLP Kettenaufhänger, Schmuckaufbewahrung, Kettenhalter, Ketten Aufbewahrung Hängend, Schmuckhalter Wand, Schmuck Organizer für Halsketten, Armbänder (Transparentes Acryl, 2PCS)","New","7.35","No",,"Yes","34","34","0","0","34","99.96","0","0","0","0","0","8","34","0","0","34",
"RPALHDE155","X002H2TKQR","B0G8JW1FK6","CVNRCLP Vogelkäfig Bürste, Papageienkäfig Reinigungsbürste mit Schaufel und Ergonomischem Griff, Vogelkäfig Zubehör für die Reinigung von Vogelkäfigen","New","6.19","No",,"Yes","27","27","0","0","27","360.19","0","0","0","0","0","0","27","0","0","27",
"RPALHDE156","X002HA2MJV","B0GCS59KGV","Dreiteiliges Trocknerfilterset (240 x 155 x 10 mm), Schwammfilter gegen Flusen, Ersatzteil für Wärmepumpen-/Kondensationstrockner, 3 Stück","New","7.19","No",,"Yes","15","15","0","0","15","2560.64","0","0","0","0","0","0","15","0","0","15",
"RPALHDE157","X002HA221J","B0GCSD3NQC","6-Piece Camera Set Including Tripod Split Ring, Camera Strap Adapter, Connecting Ring, And Camera Plate Carabiner With Protective Cover, Suitable For Cameras With O-Ring Mounting Holes, Used To Connec","New","3.59","No",,"Yes","0","0","0","0","0","99.96","0","0","0","0","0","0","0","0","0","0",
"RPALHDE158","X002H9YTDJ","B0GCT26T8Y","Messwerkzeug-Messschablone, multifunktionale Zeichen-Schablone, Kunststoff-Geometrieschablone für Büro, Schule, Architektur, Studium und technische Zeichnungen","New","6.79","No",,"Yes","29","29","0","0","29","925.54","0","0","0","0","0","8","29","0","0","29",
"RPALHDE159","X002H2QDJJ","B0G8K525VC","5PCS Silicone Socks for A1, 3D Printer High Temperature Resistance Hotend Nozzle Silicone Socks Cover for Bambu Lab A1/A1 Mini","New","6.19","No",,"Yes","7","7","0","0","7","99.96","0","0","0","0","0","0","7","0","0","7",
"RPALHDE160","X002HA20W5","B0GCT2JL46","CVNRCLP Manuelle Drehscheibe Für Töpfern Mit Präzisem Aluminiumrahmen Stabiler Drehteller Für Ton Und Keramik Kompakte Modellierscheibe Zum Drehen Und Dekorieren","New","8.99","No",,"Yes","24","24","0","0","24","99.96","0","0","0","0","0","0","24","0","0","24",
"RPALHDE161","X002HA2JZX","B0GCRZ6R1N","2 Stück Luftfilter für Motorsensen, Ersatzteil 41491201800, Kompatibel mit FS94 HL92 HL94 Serien, Hochwertiger Schaumstofffilter","New","4.89","No",,"Yes","8","8","0","0","8","99.96","0","0","0","0","0","8","8","0","0","8",
"RPALHDE162","X002H1ZQIT","B0G87VT4FG","5 Stück Doppelhaken Angelhaken mit Vorfach Jigköpfe 8#-12# mit Umgekehrter Grundschnur Verhedderungssicheres Multimodell-Angelhaken Set Kein Hängenbleiben am Grund Geeignet für Seen Flüsse Meere etc","New","7.59","No",,"Yes","31","29","0","1","31","99.96","0","0","0","1","0","0","29","0","0","29",
"RPALHDE164","X002H2OWRT","B0G8JCJ6JG","Gua-Sha Massagebürste, Handheld Massagekamm mit abgerundeten Zähnen, Für Ganzkörper Entspannung an Rücken, Bauch, Beinen & Schultern","New","5.99","No",,"Yes","8","8","0","0","8","99.96","0","0","0","0","0","0","8","0","0","8",
"RPALHDE165","X002H23WUR","B0G87MJZVQ","4 Stück Haarband Damen, Elastisches Sport Stirnband rutschfeste Stirnband Damen für Yoga Fitness Joggen Workout (Schwarz, Beige, Braun, Dunkelbraun)","New","5.99","No",,"Yes","19","19","0","0","19","99.96","0","0","0","0","0","8","19","0","0","19",
"RPALHDE166","X002HA0PZ9","B0GCT23QM6","CVNRCLP 2 Stück Damen Haarschal mit Leoparden- und Zebramuster, Stirnband und Halstuch - Modische Accessoires","New","6.59","No",,"Yes","0","0","0","0","0","2203.57","0","0","0","0","0","0","0","0","0","0",
"RPALHDE167","X002H2DG53","B0G8HCLNZS","CVNRCLP 8 Stück Silikon Radabdeckung für Gepäckräder, Leiser Rollenschutz für Koffer, Schutz vor Kratzern & Verschleiß, Passend für die meisten 8-Rollen Koffer","New","4.69","No",,"Yes","0","0","0","0","0","99.96","0","0","0","0","0","0","0","0","0","0",
"RPALHDE168","X002H2LG69","B0G8GMTGS2","CVNRCLP 20 Stück Schlüsselringe Edelstahl, 25mm Gold Schlüsselring Runde Keyring Flacher Schlüsselanhänger Ring Schlüssel Zubehör für DIY Home Auto Office Schlüssel Kunsthandwerk Ornamente(Gold)","New","4.89","No",,"Yes","11","11","0","0","11","99.96","0","0","0","0","0","8","11","0","0","11",
"RPALHDE169","X002H9TDX5","B0GCS6N7KK","CVNRCLP 1 Pcs 27.5 Inches Satin Kopftuch Seidig Haar Schal Stain Bandana Haar Wrap Hals Schal für Frauen Schals für Frauen braune Bandana Kopftuch","New","5.79","No",,"Yes","16","15","0","1","36","1949.57","10","10","0","0","0","8","15","0","0","15",
"RPALHDE171","X002H9TALZ","B0GCSCHM3K","Evil Eye Brosche Für Damen – Kristall Strass Anstecknadel Mit Bösem Blick - Charmante Brosche Für Schal - Pullover Und Mantel Perfektes Schmuckstück Für Jede Gelegenheit","New","5.59","No",,"Yes","9","9","0","0","94","99.96","50","35","0","0","0","8","9","0","0","9",
"RPALHDE172","X002H39CD7","B0G8Z587ND","Sport Stirnband, 3 Stück Headband Sport Stirnbänder, Frottee Stirnbänder Sport, Schweißband Kopf Sport für Damen Herren, Schweißband Stirnband für Laufen, Fitness, Yoga, Radfahren, Basketball (B)","New","5.69","No",,"Yes","20","0","0","1","60","1771.11","20","20","0","0","0","8","0","0","19","19",
"RPALHDE174","X002H2GIUN","B0G8G5G6CZ","CVNRCLP 3 Stück Impfpass Hülle 210 × 148mm Schutzhülle Ausweishülle DIN A6 Doppelhülle Klappbar wasserdichte Kartenhülle für Blutdruck Pass Impfbuch Reisepass","New","5.59","No",,"Yes","30","30","0","0","30","362.97","0","0","0","0","0","0","30","0","0","30",
"RPALHDE175","X002HA0PMR","B0GCS63DWM","CVNRCLP Pack of 40 Screw Hooks, Black Hook Screws, Ceiling Hooks, M4 x 40 mm, Hooks for Screwing Carbon Steel, Screw Hooks, Cup Hooks, Screws for Hanging Plants, Tea Cups, Christmas Lights","New","5.39","No",,"Yes","11","11","0","0","11","99.96","0","0","0","0","0","8","11","0","0","11",
"RPALHDE177","X002H2FYFD","B0G8DFD7CV","8 Paar Antirutsch Brillenbügel, Silikon Antirutsch Überzüge für Brillenbügel, Komfort Brillenhalter Ohr für Lesebrillen Sonnenbrillen Sportbrillen, Ideal Brillen Zubehör (Weiß Schwarz Grau braun)","New","6.59","No",,"Yes","27","27","0","0","27","99.96","0","0","0","0","0","0","27","0","0","27",
"RPALHDE178","X002HAERXZ","B0GCW3QB7G","CVNRCLP 8er Eier-Aufbewahrungsbox für Kühlschrank, Transparent PP Lebensmittelecht, Bruchsicher & Rutschfest, Platzsparend","New","8.49","No",,"Yes","19","19","0","0","19","99.96","0","0","0","0","0","0","19","0","0","19",
"RPALHDE179","X002H9TAGP","B0GCS47J2S","Christmas Snowflake Hair Clips, Pack of 6 Snowflakes Hair Accessories, Headpiece, Christmas Hair Accessories for Women Girls, Christmas Gifts, Birthday Gift","New","3.79","No",,"Yes","0","0","0","0","0","300.05","0","0","0","0","0","0","0","0","0","0",
"RPALHDE180","X002H9YKYR","B0GCSRPFPH","CVNRCLP 20 Stück Nylon Reinigungstücher, 20 × 20 cm, Wiederverwendbar, Für Töpfe, Pfannen, Ceranfelder & Grill, Kratzfrei","New","7.39","No",,"Yes","27","27","0","0","27","2441.67","0","0","0","0","0","0","27","0","0","27",
"RPALHDE181","X002H2GFIN","B0G8GKS3GP","CVNRCLP 10 Stück Nylon Klettband Yogamatten tragegurt Verstellbar Sicherer Halt Fitnessmatte Band Sportmatte Haltegurt Yoga Zubehör Organizer für Zuhause und Studio","New","8.09","No",,"Yes","73","26","0","0","74","99.96","0","1","0","0","0","0","26","0","47","73",
"RPALHDE182","X002HAD88F","B0GCVW9JY3","CVNRCLP Scheinwerfer Einstellschrauben Set, Kunststoff & Eisen, Präzise Justierung, Einfache Montage, Für Frontscheinwerfer Reparatur, Universell","New","7.59","No",,"Yes","14","14","0","0","69","36.05","35","20","0","0","0","8","14","0","0","14",
"RPALHDE183","X002H2KHAP","B0G8G85HZH","CVNRCLP Doppelseitige Haustier Haarentferner Handschuhe, Wiederverwendbar für Hunde & Katzen, Atmungsaktiv & Antistatisch, Fellpflege & Massage für alle Felltypen","New","10.99","No",,"Yes","8","8","0","0","8","99.96","0","0","0","0","0","8","8","0","0","8",
"RPALHDE184","X002H26C3V","B0G888621L","CVNRCLP Scheibenwaschdüse, OE 3B9955985A Waschwasserdüse Ersatz für Bora Caddy Golf Passat Polo Tiguan Touran A3 A4 A6 Octavia Yeti","New","8.89","No",,"Yes","16","16","0","0","16","99.96","0","0","0","0","0","8","16","0","0","16",
"RPALHDE185","X002HABM7T","B0GCW14DSZ","CVNRCLP 2 Paar Damen Flache Schnürsenkel mit Blumen Spitze und Hohle Design, 2.8cm Breit Ersatz Schuhbänder für Sneakers, Sportschuhe und Laufschuhe","New","8.19","No",,"Yes","25","25","0","0","45","99.96","10","10","0","0","0","8","25","0","0","25",
"RPALHDE186","X002H9YPNX","B0GCRYPNXG","Edelstahl Brosche mit Gebärdensprache Design, Trendiger Pin für Frauen & Männer, Modischer Accessoire für Kleidung, Taschen & Rucksäcke, Gold","New","5.59","No",,"Yes","31","11","0","0","31","99.96","0","0","0","0","0","8","11","0","20","31",
"RPALHDE187","X002HAA5NL","B0GCW5P72Z","Handgefertigte Stoff Rose Brosche Weinrot, Mit Goldblatt & Kette, Anstecknadel für Anzüge, Kleider & Jacken, Für Hochzeiten & Feiern","New","4.79","No",,"Yes","13","13","0","0","23","99.96","10","0","0","0","0","8","13","0","0","13",
"RPALHDE188","X002HAGY3B","B0GCWBKHB9","Funkelnde Blumen Knopfabdeckungen Clip-On, Strass Kristall Knopf Cover für Blusen, Anzüge & Kleider, Einfache Montage, Wiederverwendbar","New","5.79","No",,"Yes","7","7","0","0","7","99.96","0","0","0","0","0","8","7","0","0","7",
"RPALHDE189","X002HA2FXJ","B0GCSR6DC5","10 StÜCk Stossstangen Lochabdeckungen FÜR Parksensoren Auto Stossstange Stopfen Wasserdicht Kunststoff Abdeckkappen FÜR Front Und Heck Einparkhilfe","New","8.69","No",,"Yes","40","9","1","0","40","99.96","0","0","0","0","0","0","9","0","30","39",
"RPALHDE190","X002H2ISKV","B0G8GHCDSC","2 STÜCKE 1/4 Zoll Weibliche Zu M6 Männlichen Gewinde Adapter Befestigung Kamera Und Stativ Ausrüstung","New","7.99","No",,"Yes","3","1","0","2","113","26.55","30","80","0","0","0","8","1","0","0","1",
"RPALHDE191","X002H2IPFT","B0G8FYYFDP","CVNRCLP Fußball Kapitänsbinde, 3 Stück Kapitänsarmbänder für Fußball Elastische Kapitänsarmbänder Sport Kapitänsbinde für Jugendliche Erwachsene Fußballteamtraining Orange","New","7.99","No",,"Yes","44","14","0","0","59","99.96","15","0","0","0","0","8","14","0","30","44",
"RPALHDE193","X002H26EMP","B0G88593ZZ","2 Stück 2-In-1-Duschbälle, Duschschwamm, Wickelbare Seifen Duschkugel, Body Scrubber Sponge, Seifensäckchen für Feste Seife, Kordelzug Massage Seifensack, Weich Langlebig Netz-Pouf, Einfach Schäumend","New","7.89","No",,"Yes","27","27","0","0","56","1406.17","0","29","0","0","0","8","27","0","0","27",
"RPALHDE194","X002H2KC3H","B0G8FJNQ5J","CVNRCLP 3-in-1 Fischentschupper aus Edelstahl, 23 × 3,5 cm, Entschuppen, Schneiden & Mahlen, Für Küche & Fischverarbeitung","New","5.69","No",,"Yes","13","13","0","0","13","284.32","0","0","0","0","0","0","13","0","0","13",
"RPALHDE195","X002H3BZZP","B0G8TPZ65N","40 Stück Rot Herz Tortendeko Glitzer Liebe Herz Valentinstag Kuchen Deko für Valentinstag Thema Hochzeit Verlobung Braut Dusche Geburtstag Party Kuchen Dekorationen Rot","New","6.19","No",,"Yes","19","19","0","0","19","99.96","0","0","0","0","0","0","19","0","0","19",
"RPALHDE196","X002H3KPXD","B0G91XSNHD","1 Stück Rosa Schleife Schminktasche, Kleine Schminktasche, wasserdichte Cord Kosmetiktasche mit Reißverschluss, Ästhetischer Reise Toilettentaschenorganizer","New","7.59","No",,"Yes","30","29","0","1","30","981.26","0","0","0","0","0","8","29","0","0","29",
"RPALHDE197","X002HA0P1D","B0GCRY69S6","3 Stück Maßband Körper,2m Massband Körper,Körpermaßband,Schneidermaßband,Massband Kinder,Handmaß Nähen,Measuring Tape,Maßband Schneider,Messband Körpergröße,Umfangmaßband für Körpermaße,Schneidern","New","7.19","No",,"Yes","18","18","0","0","78","99.96","30","30","0","0","0","8","18","0","0","18",
"RPALHDE198","X002H9YKP1","B0GCSFY5SF","2 Stück Reparaturflicken 10 x 20cm Reparatur Patches Flicken Selbstklebend Stoff, Wasserfester Reparatur für Daunenjacke, Zelt, Schlafsack, Autositz (Himmelblau)","New","4.09","No",,"Yes","12","12","0","0","12","99.96","0","0","0","0","0","0","12","0","0","12",
"RPALHDE199","X002HA58T7","B0GCVHW7DJ","CVNRCLP Blumen Schuhanstecker, 18pcs Cute Daisy Schuh Charms für Clogs Clogs Zubehör für Mädchen Frauen","New","6.59","No",,"Yes","11","10","0","1","71","99.96","40","20","0","0","0","0","10","0","0","10",
"RPALHDE200","X002HA0MST","B0GCRH685Y","Abflussstopfen mit Sieb – 2 Stück Silikon Stöpsel Badewanne & Waschbecken, Universal Badewannenstöpsel gegen Haare, praktischer Abflussstopfen für Küche und Bad, Grau","New","6.59","No",,"Yes","25","24","0","1","25","99.96","0","0","0","0","0","0","24","0","0","24",
"RPALHDE201","X002HABHID","B0GCVXQQMC","4 Stück Holz Blumenstecker Danke Dass Du Mir Beim Wachsen Geholfen Hast, Holzstecker Blumentopf Holzschild für Erzieherin Lehrer Danke Geschenk Kita Kindergarten Abschiedsgeschenk","New","6.89","No",,"Yes","60","29","0","1","89","99.96","0","29","0","0","0","0","29","0","30","59",
"RPALHDE202","X002H3IM7J","B0G912LYFN","4 PCS Druckluft-Schnellkupplungen 1/4"" Zoll NPT Außengewinde, Hochdruck Druckluftkupplung für Kompressor & Pneumatikwerkzeuge, Schnellanschluss für Luftsysteme","New","6.59","No",,"Yes","47","47","0","0","76","99.96","29","0","0","0","0","8","47","0","0","47",
"RPALHDE204","X002HA2CQ9","B0GCRXJCPM","2 Stück Samt Schleife Haarspangen, Weinrot & Schwarz, Festliches Design, Für Damen, Für Weihnachten, Partys & Alltag","New","4.69","No",,"Yes","17","17","0","0","17","300.05","0","0","0","0","0","0","17","0","0","17",
"RPALHDE206","X002HA2FA7","B0GCRQ4V21","2 Stück Scheibenwaschbehälter Deckel, OE 3Q0955455, Hochwertiger Kunststoff, Blau, Einfache Montage, Für die meisten gängigen PKW-Modelle","New","4.79","No",,"Yes","10","10","0","0","10","99.96","0","0","0","0","0","0","10","0","0","10",
"RPALHDE207","X002HAGOTZ","B0GCVVL5TK","5 Stück Hosenbunderweiterung, 25 x 82mm Elastische Taillenverlängerungen, Hosen Knopf Verlängerung, Einstellbar Knopfverlängerung Bund-Expanders Männer und Frauen für Jeans, Hosen (Schwarz)","New","4.99","No",,"Yes","14","14","0","0","44","99.96","0","30","0","0","0","0","14","0","0","14",
"RPALHDE208","X002HA2FKH","B0GCRW9S4Y","CVNRCLP Uhrenwerkzeugset, 3.7x1.6in Uhrenwerkzeug, Zeigerabheber Geeignet Für Anfänger Und Erfahrene Uhrmacher","New","4.59","No",,"Yes","31","31","0","0","46","99.96","15","0","0","0","0","8","31","0","0","31",
"RPALHDE209","X002HACZS9","B0GCVFDJF2","Perlenbroschen-Pins für Frauen - Dekorative kleine Sicherheitsnadeln für Kleidung, Hijab-Pin, modischer Pullover, Hemd, Röcke, Kleider, Hosen, Ärmel, Hüte, Kragen, Schals, Taschen, Treffen","New","4.89","No",,"Yes","23","23","0","0","23","94.39","0","0","0","0","0","0","23","0","0","23",
"RPALHDE210","X002HACZZH","B0GCVY35X3","Ein Set aus 4 Ersatzteilen für Trocknerfilter, Schaumstofffilter, Filtereinlagen, Trocknertrommelzubehör, Schaum, Flusenfilter, Wärmepumpentrockner, Kondensationstrockner","New","6.29","No",,"Yes","8","8","0","0","8","99.96","0","0","0","0","0","0","8","0","0","8",
